,Date,ALPINE,ANZA-BORREGO SPRINGS,CARLSBAD,CENTRAL SAN DIEGO,CHULA VISTA,COASTAL,CORONADO,DEL MAR-MIRA MESA,EL CAJON,ELLIOTT-NAVAJO,ESCONDIDO,FALLBROOK,HARBISON CREST,JAMUL,KEARNY MESA,LA MESA,LAGUNA-PINE VALLEY,LAKESIDE,LEMON GROVE,MID-CITY,MIRAMAR,MOUNTAIN EMPIRE,NATIONAL CITY,NORTH SAN DIEGO,OCEANSIDE,PALOMAR-JULIAN,PAUMA,PENDLETON,PENINSULA,POWAY,RAMONA,SAN DIEGUITO,SAN MARCOS,SANTEE,SOUTH BAY,SOUTHEASTERN SAN DIEGO,SPRING VALLEY,SWEETWATER,UNIVERSITY,VALLEY CENTER,VISTA
14,2020-04-15,-0.001,-0.0,-0.005,-0.006,-0.004,-0.004,-0.003,-0.007,-0.004,-0.002,-0.004,-0.001,-0.0,-0.001,-0.009,-0.002,-0.0,-0.002,-0.001,-0.001,-0.001,-0.0,-0.003,-0.004,-0.004,-0.0,-0.0,-0.002,-0.004,-0.004,-0.001,-0.005,-0.004,-0.001,-0.003,-0.002,-0.002,-0.003,-0.003,-0.001,-0.002
15,2020-04-16,-0.001,-0.0,-0.004,-0.006,-0.004,-0.003,-0.003,-0.006,-0.004,-0.002,-0.004,-0.001,-0.0,-0.001,-0.008,-0.002,-0.0,-0.002,-0.001,-0.001,-0.001,-0.0,-0.003,-0.004,-0.004,-0.0,-0.0,-0.001,-0.003,-0.004,-0.001,-0.004,-0.004,-0.001,-0.003,-0.002,-0.002,-0.003,-0.003,-0.0,-0.002
16,2020-04-17,-0.001,-0.0,-0.004,-0.005,-0.003,-0.003,-0.002,-0.006,-0.003,-0.002,-0.003,-0.001,-0.0,-0.001,-0.007,-0.002,-0.0,-0.002,-0.001,-0.0,-0.001,-0.0,-0.002,-0.004,-0.004,-0.0,-0.0,-0.001,-0.003,-0.003,-0.001,-0.003,-0.003,-0.001,-0.003,-0.002,-0.002,-0.002,-0.002,-0.0,-0.002
17,2020-04-18,-0.0,-0.0,-0.002,-0.004,-0.003,-0.002,-0.002,-0.004,-0.002,-0.002,-0.002,-0.001,-0.0,-0.0,-0.006,-0.002,-0.0,-0.001,-0.001,0.0,-0.0,-0.0,-0.002,-0.003,-0.003,-0.0,-0.0,-0.001,-0.002,-0.002,-0.001,-0.002,-0.002,-0.001,-0.002,-0.002,-0.001,-0.002,-0.002,-0.0,-0.001
18,2020-04-19,-0.0,-0.0,-0.001,-0.002,-0.002,-0.001,-0.001,-0.003,-0.001,-0.001,-0.001,-0.0,-0.0,-0.0,-0.004,-0.001,-0.0,-0.001,-0.001,0.0,-0.0,-0.0,-0.001,-0.002,-0.002,-0.0,-0.0,-0.001,-0.001,-0.002,-0.001,-0.001,-0.001,-0.0,-0.002,-0.002,-0.001,-0.001,-0.001,-0.0,-0.0
19,2020-04-20,-0.0,-0.0,0.0,-0.002,-0.001,-0.0,-0.001,-0.002,-0.0,-0.001,0.0,-0.0,0.0,-0.0,-0.003,-0.001,0.0,-0.0,-0.0,0.0,-0.0,-0.0,-0.0,-0.001,-0.001,-0.0,-0.0,-0.001,-0.001,-0.001,-0.0,-0.0,-0.0,0.0,-0.001,-0.001,-0.0,-0.001,-0.001,0.0,0.0
20,2020-04-21,-0.0,0.0,0.001,-0.001,-0.0,0.0,-0.0,-0.001,0.0,-0.0,0.001,0.0,0.0,-0.0,-0.001,-0.0,0.0,0.0,-0.0,0.0,-0.0,-0.0,0.001,-0.001,0.0,0.0,-0.0,-0.001,-0.0,-0.001,-0.0,0.001,0.0,0.001,-0.001,-0.001,0.0,-0.0,-0.001,0.0,0.001
21,2020-04-22,0.0,0.0,0.002,-0.0,0.001,0.001,0.0,-0.0,0.001,0.0,0.002,0.0,0.0,0.0,0.0,0.0,0.0,0.001,-0.0,0.0,-0.0,-0.0,0.001,-0.0,0.001,0.0,-0.0,-0.001,0.0,-0.0,-0.0,0.001,0.001,0.001,-0.0,-0.0,0.001,0.0,-0.001,0.0,0.001
22,2020-04-23,0.0,0.0,0.003,0.001,0.001,0.002,0.001,0.001,0.002,0.001,0.002,0.001,0.0,0.0,0.002,0.001,0.0,0.001,0.0,0.0,-0.0,0.0,0.002,0.001,0.002,0.0,-0.0,-0.0,0.001,0.0,0.0,0.002,0.002,0.002,0.001,0.0,0.001,0.001,-0.0,0.0,0.002
23,2020-04-24,0.0,0.0,0.003,0.002,0.002,0.002,0.001,0.002,0.002,0.001,0.003,0.001,0.001,0.0,0.003,0.001,0.0,0.001,0.0,0.0,0.0,0.0,0.003,0.001,0.003,0.0,0.0,-0.0,0.001,0.001,0.0,0.002,0.002,0.002,0.001,0.001,0.001,0.001,0.0,0.0,0.002
24,2020-04-25,0.0,0.0,0.003,0.003,0.002,0.002,0.001,0.003,0.003,0.002,0.003,0.001,0.001,0.001,0.004,0.002,0.0,0.001,0.0,0.0,0.0,0.0,0.003,0.002,0.003,0.001,0.0,0.0,0.002,0.001,0.0,0.003,0.003,0.002,0.002,0.001,0.002,0.002,0.001,0.0,0.002
25,2020-04-26,0.0,0.0,0.004,0.003,0.003,0.003,0.001,0.003,0.003,0.002,0.004,0.001,0.001,0.001,0.005,0.002,0.0,0.001,0.001,0.0,0.0,0.0,0.003,0.002,0.003,0.001,0.0,0.0,0.002,0.002,0.001,0.003,0.003,0.002,0.002,0.001,0.002,0.002,0.001,0.001,0.002
26,2020-04-27,0.0,0.0,0.004,0.004,0.003,0.003,0.002,0.004,0.003,0.003,0.004,0.001,0.001,0.001,0.006,0.002,0.0,0.001,0.001,0.001,0.0,0.0,0.003,0.003,0.004,0.001,0.0,0.001,0.003,0.002,0.001,0.003,0.003,0.002,0.002,0.002,0.002,0.002,0.002,0.001,0.003
27,2020-04-28,0.0,-0.0,0.004,0.004,0.003,0.004,0.002,0.004,0.003,0.003,0.004,0.001,0.0,0.001,0.007,0.002,0.0,0.001,0.001,0.001,0.0,0.0,0.003,0.003,0.004,0.001,0.0,0.001,0.003,0.003,0.001,0.004,0.004,0.002,0.002,0.002,0.002,0.003,0.002,0.001,0.003
28,2020-04-29,0.0,-0.0,0.004,0.004,0.002,0.005,0.002,0.005,0.003,0.003,0.004,0.001,0.0,0.001,0.007,0.002,0.0,0.001,0.001,0.001,0.0,0.0,0.002,0.003,0.004,0.001,0.0,0.001,0.004,0.003,0.001,0.004,0.004,0.002,0.002,0.002,0.002,0.003,0.002,0.001,0.003
29,2020-04-30,0.0,-0.0,0.004,0.004,0.002,0.006,0.002,0.005,0.003,0.003,0.004,0.001,0.0,0.001,0.007,0.002,0.0,0.001,0.001,0.001,0.0,0.0,0.002,0.003,0.005,0.001,0.0,0.001,0.004,0.003,0.001,0.004,0.003,0.002,0.002,0.002,0.001,0.003,0.003,0.001,0.003
30,2020-05-01,0.0,-0.0,0.004,0.004,0.002,0.007,0.002,0.005,0.003,0.002,0.003,0.001,0.0,0.001,0.007,0.002,0.0,0.001,0.001,0.001,0.0,0.0,0.002,0.004,0.005,0.001,0.0,0.001,0.004,0.003,0.001,0.005,0.003,0.002,0.002,0.002,0.001,0.003,0.002,0.001,0.003
31,2020-05-02,0.0,-0.0,0.004,0.004,0.002,0.008,0.002,0.005,0.003,0.002,0.003,0.001,0.0,0.001,0.006,0.001,0.0,0.001,0.001,0.001,0.0,0.0,0.001,0.004,0.006,0.0,0.0,0.001,0.005,0.003,0.001,0.005,0.003,0.002,0.002,0.002,0.001,0.003,0.002,0.001,0.002
32,2020-05-03,0.0,-0.0,0.004,0.003,0.002,0.009,0.002,0.004,0.003,0.002,0.003,0.001,0.0,0.001,0.006,0.001,0.0,0.001,0.001,0.001,0.0,0.0,0.001,0.003,0.006,0.0,0.0,0.001,0.005,0.003,0.001,0.005,0.003,0.002,0.003,0.001,0.001,0.003,0.002,0.001,0.002
33,2020-05-04,0.0,-0.0,0.004,0.003,0.002,0.011,0.002,0.004,0.003,0.001,0.003,0.001,0.0,0.001,0.005,0.001,0.0,0.001,0.001,0.001,0.0,0.0,0.001,0.003,0.007,0.0,0.0,0.001,0.006,0.002,0.001,0.006,0.002,0.002,0.003,0.001,0.001,0.002,0.002,0.0,0.002
34,2020-05-05,0.0,-0.0,0.004,0.003,0.002,0.012,0.002,0.004,0.003,0.001,0.003,0.001,0.0,0.001,0.004,0.001,0.0,0.001,0.001,0.001,0.0,0.0,0.001,0.003,0.008,0.0,0.0,0.001,0.006,0.002,0.001,0.006,0.002,0.002,0.003,0.001,0.001,0.002,0.001,0.0,0.002
35,2020-05-06,0.0,-0.0,0.003,0.002,0.002,0.013,0.002,0.003,0.002,0.0,0.002,0.001,0.0,0.001,0.004,0.001,0.0,0.001,0.001,0.001,0.0,0.0,0.001,0.002,0.008,0.0,0.0,0.001,0.005,0.002,0.0,0.006,0.002,0.001,0.003,0.001,0.001,0.001,0.001,0.0,0.002
36,2020-05-07,0.0,-0.0,0.003,0.002,0.002,0.013,0.002,0.003,0.002,0.0,0.002,0.0,0.0,0.0,0.003,0.001,0.0,0.001,0.001,0.001,0.0,0.0,0.001,0.002,0.009,0.0,0.0,0.001,0.005,0.001,0.0,0.006,0.002,0.001,0.003,0.001,0.001,0.001,0.001,0.0,0.002
37,2020-05-08,0.0,-0.0,0.003,0.002,0.002,0.013,0.002,0.002,0.002,-0.0,0.002,0.0,0.0,0.0,0.003,0.001,-0.0,0.0,0.001,0.001,0.0,0.0,0.001,0.001,0.009,-0.0,0.0,0.0,0.005,0.001,0.0,0.005,0.002,0.001,0.003,0.001,0.0,0.001,0.001,-0.0,0.002
38,2020-05-09,0.0,-0.0,0.003,0.003,0.002,0.012,0.002,0.002,0.001,-0.0,0.002,0.0,0.0,0.0,0.003,0.001,-0.0,0.0,0.001,0.001,0.0,0.0,0.001,0.001,0.009,-0.0,0.0,0.0,0.004,0.001,-0.0,0.005,0.001,0.001,0.003,0.001,0.0,0.0,0.0,-0.0,0.001
39,2020-05-10,0.0,-0.0,0.003,0.003,0.003,0.011,0.002,0.002,0.001,-0.0,0.002,0.0,0.0,0.0,0.003,0.001,-0.0,0.0,0.001,0.001,0.0,0.0,0.001,0.001,0.008,-0.0,0.0,-0.0,0.004,0.001,-0.0,0.005,0.001,0.001,0.003,0.001,0.0,0.0,0.0,-0.0,0.001
40,2020-05-11,0.0,-0.0,0.004,0.003,0.003,0.009,0.002,0.003,0.001,-0.0,0.002,0.0,0.0,0.0,0.004,0.001,-0.0,0.0,0.0,0.001,0.0,0.0,0.002,0.001,0.008,-0.0,0.0,-0.0,0.003,0.001,-0.0,0.004,0.002,0.001,0.003,0.001,0.0,0.0,0.0,-0.0,0.002
41,2020-05-12,0.0,-0.0,0.004,0.003,0.003,0.007,0.002,0.003,0.001,0.0,0.002,0.0,0.0,0.0,0.004,0.002,-0.0,0.0,0.0,0.001,0.0,0.0,0.002,0.001,0.007,0.0,0.0,-0.0,0.002,0.001,-0.0,0.003,0.002,0.001,0.002,0.002,0.001,0.001,0.0,0.0,0.002
42,2020-05-13,0.0,-0.0,0.004,0.004,0.003,0.005,0.002,0.003,0.002,0.001,0.002,0.0,0.0,0.0,0.005,0.002,-0.0,0.0,0.0,0.001,0.0,0.0,0.002,0.001,0.006,0.0,0.0,0.0,0.002,0.001,-0.0,0.003,0.002,0.001,0.002,0.002,0.001,0.001,0.001,0.0,0.002
43,2020-05-14,0.0,-0.0,0.004,0.004,0.003,0.003,0.001,0.003,0.002,0.001,0.002,0.001,0.0,0.0,0.005,0.001,-0.0,0.001,0.0,0.002,0.0,-0.0,0.002,0.002,0.005,0.0,0.0,0.0,0.002,0.001,-0.0,0.002,0.002,0.001,0.002,0.002,0.001,0.001,0.001,0.0,0.002
44,2020-05-15,0.0,-0.0,0.004,0.004,0.003,0.001,0.001,0.003,0.002,0.001,0.002,0.001,0.0,0.0,0.005,0.001,-0.0,0.001,0.0,0.002,0.0,-0.0,0.002,0.002,0.003,0.0,0.0,0.0,0.001,0.001,0.0,0.001,0.002,0.001,0.001,0.002,0.001,0.002,0.001,0.0,0.001
45,2020-05-16,0.0,-0.0,0.004,0.003,0.002,-0.0,0.0,0.003,0.002,0.001,0.002,0.001,0.0,0.0,0.005,0.001,-0.0,0.001,0.0,0.002,0.0,-0.0,0.001,0.002,0.002,0.0,0.0,0.001,0.001,0.001,0.0,0.001,0.002,0.001,0.001,0.002,0.001,0.002,0.001,0.0,0.001
46,2020-05-17,0.0,-0.0,0.003,0.003,0.002,-0.001,0.0,0.003,0.002,0.001,0.002,0.001,0.0,0.0,0.004,0.001,0.0,0.001,0.0,0.002,0.0,0.0,0.001,0.002,0.001,0.0,0.0,0.001,0.001,0.002,0.0,0.0,0.002,0.001,0.001,0.002,0.001,0.002,0.001,0.001,0.001
47,2020-05-18,0.0,-0.0,0.003,0.003,0.002,-0.001,0.0,0.003,0.002,0.001,0.002,0.001,0.0,0.0,0.004,0.001,0.0,0.001,0.0,0.002,0.0,0.0,0.001,0.002,0.001,0.0,0.0,0.001,0.001,0.002,0.001,0.0,0.002,0.001,0.001,0.001,0.001,0.002,0.001,0.001,0.001
48,2020-05-19,0.0,-0.0,0.002,0.003,0.001,-0.0,0.0,0.003,0.002,0.001,0.001,0.001,0.0,0.0,0.004,0.001,0.0,0.001,0.0,0.001,0.0,0.0,0.001,0.002,0.0,0.0,0.0,0.001,0.001,0.002,0.001,0.0,0.002,0.001,0.001,0.001,0.001,0.002,0.001,0.001,0.001
49,2020-05-20,0.0,0.0,0.002,0.003,0.001,-0.0,0.001,0.002,0.002,0.001,0.001,0.001,0.0,0.0,0.004,0.001,0.0,0.001,0.0,0.001,0.0,0.0,0.001,0.002,-0.0,0.0,0.0,0.001,0.002,0.002,0.001,0.0,0.002,0.001,0.001,0.001,0.001,0.002,0.001,0.001,0.0
50,2020-05-21,0.0,0.0,0.002,0.003,0.001,0.001,0.001,0.002,0.002,0.001,0.001,0.001,0.0,0.001,0.004,0.001,0.001,0.001,0.0,0.001,0.0,0.0,0.0,0.002,-0.0,0.0,0.0,0.001,0.002,0.002,0.001,0.001,0.002,0.001,0.001,0.001,0.001,0.001,0.002,0.001,0.0
51,2020-05-22,0.0,0.0,0.002,0.003,0.001,0.002,0.001,0.002,0.002,0.001,0.001,0.001,0.0,0.001,0.004,0.001,0.001,0.001,0.0,0.001,0.0,0.0,0.001,0.002,-0.0,0.0,0.0,0.001,0.002,0.001,0.001,0.001,0.002,0.001,0.001,0.0,0.001,0.001,0.002,0.0,0.0
52,2020-05-23,0.0,0.0,0.002,0.003,0.001,0.003,0.001,0.002,0.002,0.001,0.002,0.001,0.001,0.001,0.004,0.001,0.001,0.001,0.0,0.001,0.0,0.0,0.001,0.002,0.0,0.0,0.0,0.001,0.003,0.001,0.001,0.002,0.002,0.001,0.001,0.0,0.001,0.001,0.002,0.001,0.0
53,2020-05-24,0.0,0.0,0.003,0.003,0.001,0.004,0.002,0.002,0.002,0.001,0.002,0.001,0.001,0.001,0.005,0.002,0.001,0.001,0.0,0.001,0.0,0.0,0.001,0.002,0.001,0.0,0.001,0.001,0.003,0.002,0.001,0.002,0.002,0.002,0.001,0.0,0.001,0.002,0.002,0.001,0.0
54,2020-05-25,0.0,0.0,0.003,0.004,0.001,0.005,0.002,0.003,0.002,0.001,0.002,0.001,0.001,0.001,0.005,0.002,0.002,0.001,0.0,0.002,0.0,0.001,0.001,0.003,0.002,0.001,0.001,0.001,0.004,0.002,0.001,0.003,0.002,0.002,0.001,0.0,0.001,0.002,0.002,0.001,0.001
55,2020-05-26,0.0,0.001,0.004,0.005,0.001,0.006,0.002,0.003,0.002,0.002,0.003,0.001,0.001,0.001,0.005,0.002,0.002,0.001,0.0,0.002,-0.0,0.001,0.001,0.003,0.003,0.001,0.001,0.001,0.004,0.002,0.001,0.003,0.002,0.002,0.002,0.001,0.001,0.002,0.002,0.001,0.001
56,2020-05-27,0.0,0.001,0.005,0.005,0.002,0.008,0.003,0.003,0.002,0.002,0.003,0.001,0.001,0.001,0.005,0.002,0.002,0.001,0.0,0.002,-0.0,0.001,0.001,0.003,0.003,0.001,0.002,0.001,0.005,0.002,0.001,0.004,0.002,0.002,0.002,0.001,0.001,0.003,0.001,0.002,0.001
57,2020-05-28,0.0,0.001,0.005,0.005,0.002,0.009,0.003,0.003,0.002,0.002,0.003,0.001,0.001,0.001,0.005,0.002,0.002,0.001,0.0,0.002,-0.0,0.0,0.001,0.003,0.004,0.001,0.002,0.001,0.006,0.002,0.001,0.004,0.002,0.002,0.002,0.001,0.001,0.003,0.001,0.002,0.001
58,2020-05-29,0.0,0.001,0.005,0.006,0.002,0.009,0.003,0.004,0.002,0.002,0.003,0.001,0.002,0.001,0.004,0.002,0.002,0.001,0.0,0.002,-0.0,0.0,0.002,0.003,0.005,0.001,0.002,0.001,0.006,0.002,0.001,0.005,0.002,0.002,0.002,0.002,0.001,0.003,0.001,0.002,0.001
59,2020-05-30,0.0,0.0,0.005,0.006,0.003,0.01,0.003,0.004,0.002,0.002,0.003,0.001,0.002,0.001,0.004,0.002,0.002,0.001,0.001,0.002,0.0,0.0,0.002,0.003,0.005,0.001,0.002,0.001,0.006,0.002,0.001,0.005,0.002,0.002,0.002,0.002,0.001,0.004,0.001,0.002,0.002
60,2020-05-31,0.0,0.0,0.005,0.006,0.003,0.01,0.003,0.004,0.002,0.002,0.003,0.001,0.002,0.001,0.004,0.002,0.001,0.001,0.001,0.002,0.0,0.0,0.002,0.003,0.005,0.001,0.002,0.001,0.006,0.002,0.001,0.005,0.002,0.002,0.002,0.002,0.002,0.004,0.0,0.003,0.002
61,2020-06-01,0.0,0.0,0.005,0.006,0.003,0.01,0.003,0.004,0.002,0.002,0.003,0.001,0.001,0.001,0.004,0.002,0.001,0.002,0.001,0.002,0.0,0.0,0.002,0.003,0.005,0.001,0.002,0.001,0.006,0.002,0.001,0.005,0.002,0.002,0.002,0.002,0.002,0.003,0.0,0.002,0.002
62,2020-06-02,0.0,0.0,0.005,0.007,0.003,0.009,0.003,0.004,0.002,0.002,0.003,0.001,0.001,0.001,0.005,0.003,0.001,0.002,0.001,0.002,0.0,0.0,0.002,0.003,0.004,0.001,0.002,0.001,0.005,0.002,0.0,0.004,0.002,0.002,0.002,0.002,0.002,0.003,0.001,0.002,0.002
63,2020-06-03,0.0,-0.0,0.004,0.007,0.003,0.007,0.002,0.003,0.002,0.001,0.003,0.001,0.001,0.001,0.005,0.003,0.0,0.002,0.001,0.002,0.0,0.0,0.002,0.003,0.004,0.0,0.001,0.001,0.004,0.002,0.0,0.004,0.002,0.001,0.002,0.002,0.002,0.003,0.001,0.002,0.003
64,2020-06-04,0.0,-0.0,0.004,0.007,0.003,0.006,0.002,0.003,0.002,0.001,0.003,0.001,0.001,0.001,0.006,0.003,0.0,0.002,0.0,0.002,0.0,-0.0,0.002,0.003,0.003,0.0,0.001,0.001,0.004,0.002,0.0,0.004,0.002,0.001,0.002,0.002,0.002,0.003,0.002,0.002,0.003
65,2020-06-05,0.0,-0.001,0.004,0.007,0.003,0.005,0.001,0.003,0.002,0.001,0.003,0.001,0.0,0.001,0.006,0.003,-0.0,0.002,0.0,0.002,0.0,-0.0,0.002,0.003,0.003,-0.0,0.001,0.001,0.003,0.002,-0.0,0.004,0.003,0.001,0.002,0.002,0.002,0.003,0.003,0.001,0.003
66,2020-06-06,0.0,-0.001,0.004,0.007,0.003,0.003,0.001,0.004,0.003,0.001,0.003,0.001,0.0,0.001,0.007,0.003,-0.0,0.002,0.001,0.002,0.0,-0.0,0.002,0.004,0.002,-0.001,0.0,0.001,0.002,0.002,-0.0,0.004,0.003,0.001,0.002,0.001,0.002,0.003,0.003,0.001,0.003
67,2020-06-07,0.0,-0.001,0.004,0.007,0.003,0.002,0.0,0.004,0.003,0.001,0.003,0.001,0.0,0.0,0.008,0.003,-0.0,0.002,0.0,0.002,0.0,-0.0,0.002,0.004,0.002,-0.001,-0.0,0.001,0.002,0.002,-0.0,0.003,0.003,0.0,0.002,0.001,0.002,0.003,0.004,0.0,0.003
68,2020-06-08,0.0,-0.001,0.004,0.007,0.003,0.001,0.0,0.004,0.004,0.001,0.004,0.001,-0.0,0.001,0.009,0.003,-0.0,0.002,0.0,0.002,0.0,-0.0,0.002,0.004,0.001,-0.001,-0.0,0.001,0.002,0.002,-0.0,0.003,0.003,0.0,0.002,0.001,0.002,0.003,0.004,0.0,0.003
69,2020-06-09,0.0,-0.001,0.004,0.007,0.003,0.001,0.001,0.004,0.004,0.001,0.004,0.001,0.0,0.001,0.009,0.003,-0.0,0.002,0.001,0.002,0.0,0.0,0.002,0.004,0.001,-0.001,-0.001,0.001,0.002,0.002,-0.0,0.004,0.003,-0.0,0.002,0.001,0.002,0.004,0.004,0.0,0.003
70,2020-06-10,0.0,-0.001,0.004,0.006,0.003,0.003,0.001,0.005,0.004,0.001,0.004,0.001,0.0,0.001,0.009,0.002,-0.0,0.002,0.001,0.002,0.0,0.0,0.003,0.004,0.001,-0.001,-0.001,0.001,0.002,0.003,-0.0,0.004,0.003,-0.0,0.002,0.001,0.002,0.004,0.004,0.0,0.003
71,2020-06-11,0.0,-0.0,0.004,0.006,0.003,0.004,0.002,0.005,0.005,0.001,0.004,0.001,0.0,0.001,0.009,0.002,-0.0,0.002,0.001,0.002,0.0,0.0,0.002,0.004,0.002,-0.001,-0.001,0.001,0.003,0.003,-0.0,0.005,0.003,-0.0,0.002,0.002,0.002,0.004,0.004,0.0,0.002
72,2020-06-12,0.0,-0.0,0.005,0.006,0.002,0.007,0.003,0.006,0.005,0.001,0.004,0.0,0.0,0.001,0.009,0.002,-0.0,0.002,0.001,0.002,0.0,0.0,0.002,0.004,0.002,-0.001,-0.0,0.0,0.004,0.003,-0.0,0.005,0.003,-0.0,0.002,0.002,0.001,0.003,0.003,0.0,0.002
73,2020-06-13,0.0,-0.0,0.005,0.005,0.002,0.01,0.003,0.006,0.004,0.001,0.003,0.0,0.0,0.001,0.009,0.002,0.0,0.001,0.0,0.002,0.0,0.0,0.002,0.004,0.003,-0.001,-0.0,0.0,0.005,0.003,-0.0,0.006,0.003,-0.0,0.002,0.002,0.001,0.003,0.003,0.0,0.001
74,2020-06-14,0.0,-0.0,0.006,0.005,0.002,0.013,0.004,0.006,0.004,0.001,0.003,0.0,0.0,0.001,0.008,0.002,0.0,0.001,0.0,0.002,0.0,0.0,0.002,0.004,0.004,-0.0,-0.0,0.001,0.006,0.002,-0.0,0.007,0.003,0.0,0.002,0.002,0.001,0.003,0.003,0.001,0.001
75,2020-06-15,0.0,0.0,0.006,0.005,0.002,0.017,0.005,0.006,0.004,0.001,0.002,0.0,0.0,0.001,0.008,0.002,0.0,0.001,0.0,0.002,0.0,0.0,0.002,0.003,0.005,0.0,0.0,0.001,0.007,0.002,-0.0,0.007,0.003,0.001,0.002,0.001,0.0,0.002,0.002,0.001,0.0
76,2020-06-16,0.0,0.0,0.007,0.006,0.001,0.019,0.005,0.006,0.004,0.001,0.002,0.0,0.0,0.0,0.007,0.002,0.0,0.001,0.0,0.002,0.0,0.0,0.001,0.003,0.005,0.0,0.0,0.001,0.007,0.002,-0.0,0.008,0.002,0.001,0.002,0.001,0.0,0.002,0.002,0.001,0.0
77,2020-06-17,0.0,-0.0,0.007,0.005,0.001,0.02,0.005,0.006,0.003,0.001,0.001,-0.0,0.0,0.0,0.007,0.002,0.0,0.001,0.0,0.001,0.0,0.0,0.001,0.003,0.006,0.0,0.0,0.001,0.007,0.002,-0.0,0.008,0.002,0.001,0.002,0.001,0.0,0.001,0.002,0.001,-0.0
78,2020-06-18,0.0,-0.0,0.007,0.005,0.0,0.021,0.005,0.005,0.003,0.001,0.001,-0.0,0.0,0.0,0.006,0.002,0.0,0.001,0.0,0.001,-0.0,-0.0,0.0,0.003,0.006,0.0,0.0,0.001,0.007,0.001,-0.0,0.007,0.002,0.002,0.001,0.0,-0.0,0.001,0.002,0.001,-0.001
79,2020-06-19,0.0,-0.0,0.006,0.005,0.0,0.02,0.004,0.005,0.002,0.001,0.0,-0.0,0.0,-0.0,0.005,0.002,0.0,0.001,0.0,0.001,-0.0,-0.0,0.0,0.002,0.005,0.0,0.001,0.0,0.007,0.001,-0.0,0.007,0.001,0.002,0.001,-0.0,-0.0,0.0,0.002,0.0,-0.001
80,2020-06-20,0.0,-0.0,0.006,0.005,-0.0,0.019,0.004,0.004,0.002,0.001,-0.0,-0.0,0.0,-0.0,0.004,0.002,0.0,0.0,-0.0,0.0,-0.0,-0.0,-0.0,0.002,0.005,0.001,0.001,0.0,0.006,0.001,-0.0,0.006,0.001,0.002,0.0,-0.001,-0.0,-0.0,0.002,0.0,-0.001
81,2020-06-21,-0.0,-0.0,0.005,0.004,-0.0,0.016,0.002,0.003,0.001,0.0,-0.0,-0.0,-0.0,-0.0,0.003,0.002,0.0,0.0,-0.0,-0.0,-0.0,-0.0,-0.001,0.002,0.004,0.001,0.001,0.0,0.005,0.0,-0.0,0.004,0.0,0.001,-0.0,-0.001,-0.001,-0.0,0.001,0.0,-0.001
82,2020-06-22,-0.0,-0.0,0.004,0.003,-0.001,0.012,0.001,0.002,0.001,0.0,-0.0,-0.0,-0.0,-0.0,0.002,0.001,0.0,-0.0,-0.0,-0.001,-0.0,-0.0,-0.001,0.001,0.002,0.0,0.001,-0.0,0.004,-0.0,0.0,0.003,-0.0,0.001,-0.001,-0.001,-0.001,-0.0,0.001,-0.0,-0.002
83,2020-06-23,-0.0,0.0,0.003,0.003,-0.001,0.008,0.001,0.001,0.001,-0.0,-0.0,-0.0,-0.0,-0.0,0.001,0.001,0.0,-0.0,-0.0,-0.001,-0.0,-0.0,-0.001,0.001,0.001,0.0,0.001,-0.0,0.004,-0.001,0.0,0.001,-0.001,0.001,-0.001,-0.001,-0.0,-0.0,0.001,-0.0,-0.002
84,2020-06-24,-0.0,0.0,0.002,0.003,-0.001,0.005,0.0,0.0,0.001,-0.0,0.0,-0.0,-0.0,-0.0,0.001,0.0,0.0,-0.0,-0.0,-0.001,0.0,-0.0,-0.001,0.0,0.0,0.0,0.0,-0.0,0.003,-0.001,0.0,0.0,-0.001,0.001,-0.001,-0.001,-0.0,-0.0,0.001,-0.0,-0.001
85,2020-06-25,-0.0,0.0,0.002,0.003,-0.0,0.002,-0.0,-0.0,0.001,-0.0,0.001,-0.0,-0.0,-0.0,0.001,0.0,0.0,-0.001,-0.0,-0.001,0.0,-0.0,-0.001,0.0,-0.0,0.0,0.0,-0.001,0.002,-0.001,0.0,-0.001,-0.001,0.0,-0.001,-0.001,-0.0,0.0,0.0,-0.0,-0.001
86,2020-06-26,-0.0,0.0,0.002,0.003,-0.0,-0.001,-0.001,-0.001,0.001,-0.0,0.001,-0.0,-0.0,-0.0,0.0,-0.0,0.0,-0.001,-0.0,-0.0,0.0,-0.0,-0.001,0.0,-0.001,0.0,0.0,-0.001,0.002,-0.0,0.0,-0.002,-0.001,0.0,-0.001,-0.001,0.0,0.0,0.0,-0.0,-0.001
87,2020-06-27,-0.0,0.0,0.002,0.003,-0.0,-0.003,-0.001,-0.001,0.001,-0.0,0.001,-0.0,-0.0,-0.0,0.001,-0.0,0.0,-0.001,-0.0,0.001,0.0,-0.0,-0.0,-0.0,-0.001,0.0,0.0,-0.0,0.002,-0.0,0.0,-0.002,-0.001,0.0,-0.001,-0.0,0.0,0.0,0.0,-0.0,-0.001
88,2020-06-28,-0.0,-0.0,0.002,0.003,-0.0,-0.003,-0.0,-0.001,0.001,0.0,0.002,-0.0,-0.0,-0.0,0.001,-0.0,0.0,-0.0,-0.0,0.002,0.0,-0.0,-0.0,-0.0,-0.001,0.0,0.0,-0.0,0.002,0.0,0.0,-0.002,-0.0,0.0,-0.001,-0.0,0.0,0.0,0.0,0.0,-0.0
89,2020-06-29,-0.0,-0.0,0.003,0.004,-0.0,-0.001,0.0,-0.0,0.001,0.0,0.002,-0.0,-0.0,-0.0,0.001,-0.0,0.0,-0.0,0.0,0.003,0.0,-0.0,0.0,0.0,-0.0,0.0,0.0,0.0,0.002,0.0,0.0,-0.001,-0.0,0.001,-0.001,-0.0,0.0,0.0,0.001,0.0,0.0
90,2020-06-30,-0.0,-0.0,0.004,0.004,-0.0,-0.0,0.001,-0.0,0.001,0.001,0.002,-0.0,-0.0,-0.0,0.002,-0.0,0.0,-0.0,0.0,0.004,0.0,-0.0,0.0,0.0,0.0,0.0,0.0,0.0,0.002,0.001,0.0,-0.001,0.0,0.001,-0.0,-0.0,0.0,0.0,0.001,0.0,0.0
91,2020-07-01,-0.0,-0.0,0.004,0.004,-0.0,0.001,0.001,0.0,0.001,0.001,0.001,-0.0,-0.0,-0.0,0.002,-0.0,0.0,-0.0,0.0,0.005,0.0,0.0,0.0,0.0,0.0,0.0,0.0,0.0,0.002,0.001,0.0,-0.0,0.0,0.001,-0.0,-0.0,0.0,-0.0,0.001,0.0,0.0
92,2020-07-02,-0.0,-0.0,0.004,0.004,-0.0,0.002,0.002,0.0,0.001,0.001,0.001,-0.0,-0.0,-0.0,0.002,-0.0,0.0,0.0,0.0,0.005,0.0,0.0,0.0,-0.0,0.001,0.0,0.0,0.001,0.002,0.001,0.0,0.0,0.0,0.001,-0.0,-0.0,0.0,-0.0,0.001,0.0,0.001
93,2020-07-03,0.0,-0.0,0.004,0.004,-0.0,0.004,0.002,0.0,0.0,0.001,0.001,-0.0,-0.0,-0.0,0.002,-0.0,0.0,0.0,0.0,0.005,-0.0,0.0,0.0,-0.0,0.001,-0.0,0.0,0.001,0.002,0.001,0.0,0.001,0.0,0.001,-0.0,-0.0,0.0,-0.0,0.001,0.0,0.001
94,2020-07-04,0.0,0.0,0.004,0.004,-0.0,0.007,0.003,0.0,0.0,0.0,0.0,-0.0,-0.0,0.0,0.002,-0.0,0.0,0.0,0.0,0.005,-0.0,0.0,0.0,-0.0,0.002,0.0,-0.0,0.0,0.002,0.0,0.0,0.002,0.0,0.001,-0.0,-0.0,0.0,-0.0,0.001,0.0,0.0
95,2020-07-05,0.0,0.0,0.003,0.003,-0.0,0.009,0.003,-0.001,-0.0,0.0,-0.001,-0.0,-0.0,0.0,0.0,-0.001,0.0,0.0,0.0,0.004,-0.0,0.0,0.0,-0.001,0.001,0.0,-0.0,0.0,0.002,0.0,0.0,0.002,-0.0,0.0,-0.0,-0.0,0.0,-0.0,0.0,0.0,0.0
96,2020-07-06,0.0,0.0,0.002,0.002,-0.001,0.01,0.003,-0.001,-0.0,-0.0,-0.001,-0.001,-0.0,0.0,-0.001,-0.001,0.0,0.0,0.0,0.002,-0.0,0.0,-0.0,-0.001,0.001,0.0,-0.0,0.0,0.002,-0.0,0.0,0.002,-0.001,0.0,-0.0,-0.001,-0.0,-0.001,-0.0,0.0,-0.0
97,2020-07-07,0.0,0.0,0.001,0.001,-0.001,0.012,0.004,-0.002,-0.001,-0.001,-0.002,-0.001,-0.0,0.0,-0.002,-0.001,0.0,0.0,0.0,0.0,-0.001,0.0,-0.001,-0.002,0.001,0.0,-0.0,-0.0,0.002,-0.0,0.0,0.001,-0.001,0.0,-0.001,-0.001,-0.0,-0.001,-0.001,0.0,-0.0
98,2020-07-08,-0.0,0.0,0.0,0.0,-0.001,0.013,0.004,-0.002,-0.001,-0.001,-0.002,-0.001,-0.0,-0.0,-0.002,-0.002,0.0,-0.0,0.0,-0.001,-0.001,0.0,-0.001,-0.002,0.001,0.0,-0.0,-0.0,0.002,-0.0,0.0,0.001,-0.002,-0.0,-0.001,-0.0,-0.0,-0.001,-0.001,0.0,-0.001
99,2020-07-09,-0.0,0.0,-0.0,-0.0,-0.001,0.013,0.004,-0.002,-0.001,-0.001,-0.002,-0.001,-0.0,-0.0,-0.003,-0.002,0.0,-0.0,-0.0,-0.003,-0.001,0.0,-0.001,-0.002,0.001,0.0,-0.0,-0.0,0.002,-0.001,0.0,0.001,-0.002,-0.0,-0.001,-0.0,-0.0,-0.001,-0.002,0.0,-0.001
100,2020-07-10,-0.0,0.0,-0.001,-0.001,-0.001,0.013,0.004,-0.002,-0.001,-0.001,-0.003,-0.001,-0.0,-0.0,-0.004,-0.002,0.0,-0.0,-0.0,-0.004,-0.001,0.0,-0.001,-0.002,0.001,0.0,-0.0,-0.001,0.002,-0.001,0.0,0.001,-0.002,-0.0,-0.001,-0.0,-0.001,-0.001,-0.002,0.0,-0.001
101,2020-07-11,-0.0,0.0,-0.001,-0.001,-0.001,0.011,0.004,-0.001,-0.001,-0.001,-0.003,-0.0,-0.0,-0.0,-0.004,-0.002,0.0,-0.001,-0.0,-0.005,-0.001,-0.0,-0.001,-0.002,0.002,0.0,-0.0,-0.0,0.002,-0.0,0.0,0.001,-0.002,-0.0,-0.001,0.0,-0.001,-0.001,-0.002,0.0,-0.001
102,2020-07-12,-0.0,0.0,-0.001,-0.001,-0.001,0.009,0.004,-0.0,-0.001,-0.001,-0.002,-0.0,-0.0,-0.0,-0.003,-0.002,0.0,-0.001,-0.0,-0.005,-0.0,-0.0,-0.001,-0.001,0.002,-0.0,-0.0,-0.0,0.002,-0.0,0.0,0.001,-0.002,-0.0,-0.0,0.0,-0.001,-0.001,-0.002,0.0,-0.001
103,2020-07-13,-0.0,-0.0,-0.001,-0.001,-0.0,0.008,0.004,0.001,-0.001,-0.001,-0.002,-0.0,-0.0,-0.0,-0.003,-0.001,-0.0,-0.001,-0.0,-0.005,-0.0,-0.0,-0.001,-0.001,0.002,-0.0,-0.0,0.0,0.002,-0.0,-0.0,0.001,-0.002,-0.0,-0.0,0.0,-0.001,-0.0,-0.001,0.0,-0.0
104,2020-07-14,-0.0,-0.0,-0.0,-0.001,-0.0,0.005,0.004,0.001,-0.001,-0.001,-0.002,-0.0,-0.0,-0.0,-0.002,-0.001,-0.0,-0.001,-0.0,-0.004,-0.0,-0.0,-0.001,-0.0,0.002,-0.0,-0.0,0.0,0.002,-0.0,-0.0,0.002,-0.001,-0.0,0.0,0.0,-0.001,-0.0,-0.0,0.0,-0.0
105,2020-07-15,-0.0,-0.0,0.0,-0.001,-0.0,0.003,0.003,0.002,-0.001,-0.001,-0.002,-0.0,-0.0,-0.0,-0.002,-0.001,-0.0,-0.001,-0.0,-0.003,0.0,-0.0,-0.001,0.0,0.002,-0.0,-0.0,0.0,0.002,-0.0,-0.0,0.002,-0.001,-0.0,0.0,0.0,-0.001,-0.0,0.0,-0.0,-0.0
106,2020-07-16,-0.0,-0.0,0.001,-0.001,0.0,0.0,0.002,0.003,-0.001,-0.0,-0.001,0.0,-0.0,-0.0,-0.001,-0.0,-0.0,-0.001,-0.0,-0.003,0.0,-0.0,-0.0,0.001,0.002,-0.001,-0.0,0.001,0.001,-0.0,-0.0,0.002,-0.001,-0.0,0.001,0.0,-0.001,-0.0,0.001,-0.0,-0.0
107,2020-07-17,-0.0,-0.0,0.001,-0.001,0.0,-0.002,0.002,0.003,-0.001,-0.0,-0.001,0.0,-0.0,-0.0,0.0,0.0,-0.0,-0.001,0.0,-0.002,0.0,-0.0,0.0,0.001,0.002,-0.001,-0.0,0.001,0.001,0.0,-0.0,0.002,-0.0,-0.0,0.001,0.0,-0.001,-0.0,0.002,-0.0,0.0
108,2020-07-18,-0.0,-0.0,0.001,-0.001,0.0,-0.003,0.001,0.003,-0.001,-0.0,-0.001,0.0,-0.0,-0.0,0.001,0.0,-0.0,-0.001,0.0,-0.001,0.0,-0.0,0.001,0.002,0.002,-0.001,-0.0,0.001,0.001,0.0,-0.0,0.002,0.0,-0.0,0.001,0.0,-0.001,0.0,0.002,-0.0,0.0
109,2020-07-19,-0.0,-0.0,0.001,-0.001,0.0,-0.004,0.0,0.003,-0.001,0.0,-0.001,0.0,-0.0,-0.0,0.001,0.001,-0.0,-0.0,0.0,-0.0,0.001,-0.0,0.001,0.001,0.002,-0.001,-0.0,0.001,0.0,0.0,-0.0,0.002,0.0,-0.0,0.001,0.0,-0.001,-0.0,0.002,-0.0,0.0
110,2020-07-20,-0.0,-0.0,0.001,-0.001,0.0,-0.004,-0.0,0.002,-0.001,-0.0,-0.001,0.0,-0.0,-0.0,0.001,0.0,-0.0,-0.0,0.0,0.0,0.001,-0.0,0.001,0.001,0.001,-0.0,-0.0,0.001,-0.0,0.0,0.0,0.002,0.0,-0.0,0.001,0.0,-0.0,-0.0,0.002,-0.0,0.0
111,2020-07-21,-0.0,-0.0,0.0,-0.001,-0.0,-0.004,-0.0,0.002,-0.001,-0.0,-0.001,0.0,0.0,0.0,0.001,0.0,-0.0,-0.0,0.0,0.0,0.001,-0.0,0.001,0.001,0.001,-0.0,-0.0,0.001,-0.001,0.0,0.0,0.001,0.0,-0.0,0.001,0.0,-0.0,-0.001,0.002,-0.0,-0.0
112,2020-07-22,-0.0,-0.0,0.0,-0.001,-0.0,-0.003,-0.001,0.001,-0.002,-0.0,-0.001,0.0,0.0,0.0,0.001,0.0,-0.0,-0.0,0.0,0.0,0.001,-0.0,0.001,0.0,0.001,-0.0,-0.0,0.001,-0.001,0.0,0.0,0.001,0.0,-0.0,0.0,0.0,0.0,-0.001,0.001,0.0,-0.0
113,2020-07-23,0.0,-0.0,-0.0,-0.001,-0.001,-0.002,-0.001,0.0,-0.002,-0.0,-0.0,0.0,0.0,0.0,0.001,-0.0,-0.0,-0.0,-0.0,0.0,0.0,0.0,0.001,-0.0,0.001,0.0,0.0,0.001,-0.001,0.0,0.0,0.001,0.001,-0.0,0.0,0.0,0.0,-0.001,0.001,0.0,-0.0
114,2020-07-24,0.0,0.0,-0.0,-0.001,-0.001,-0.001,-0.001,-0.0,-0.002,-0.0,-0.0,0.001,0.0,0.0,0.0,-0.001,0.0,-0.0,-0.0,0.0,0.0,0.0,0.0,-0.001,0.0,0.0,0.0,0.001,-0.001,0.0,0.0,0.0,0.001,-0.0,0.0,0.0,0.0,-0.001,0.0,0.0,-0.001
115,2020-07-25,0.0,0.0,-0.001,-0.0,-0.001,-0.001,-0.001,-0.001,-0.002,0.0,-0.0,0.001,0.0,0.0,0.0,-0.001,0.0,0.0,-0.0,0.0,0.0,0.0,0.0,-0.001,-0.0,0.001,0.0,0.001,-0.001,0.0,0.0,0.0,0.001,-0.0,-0.0,0.0,0.0,-0.002,0.0,0.0,-0.001
116,2020-07-26,0.0,0.0,-0.0,0.001,-0.001,0.0,-0.0,-0.001,-0.001,0.0,0.0,0.001,0.0,0.0,0.0,-0.001,0.0,0.0,-0.0,0.0,0.0,0.0,-0.0,-0.001,0.0,0.001,0.0,0.001,-0.0,0.0,0.0,0.0,0.001,-0.0,-0.0,0.0,0.001,-0.001,0.0,0.0,-0.001
117,2020-07-27,0.0,0.0,0.0,0.002,-0.001,0.001,-0.0,-0.001,-0.001,0.0,0.001,0.001,0.0,0.001,0.0,-0.0,0.0,0.0,-0.0,0.0,0.0,0.0,-0.0,-0.001,0.0,0.001,0.0,0.001,0.0,0.0,0.0,0.0,0.001,-0.0,-0.0,0.0,0.001,-0.001,0.0,0.0,-0.0
118,2020-07-28,0.0,0.0,0.0,0.003,-0.001,0.001,0.0,-0.001,-0.0,0.001,0.001,0.001,0.0,0.001,0.0,-0.0,0.0,0.001,-0.0,0.0,0.0,0.0,-0.0,-0.001,0.0,0.001,0.0,0.001,0.001,0.0,0.0,0.0,0.001,0.0,-0.0,0.001,0.001,-0.001,0.0,-0.0,-0.0
119,2020-07-29,0.0,0.0,0.001,0.004,-0.0,0.002,0.0,-0.001,0.0,0.001,0.001,0.001,0.0,0.0,0.0,0.0,0.0,0.001,-0.0,0.0,0.0,0.0,-0.0,-0.0,0.0,0.001,0.0,0.001,0.001,0.0,0.0,0.001,0.002,0.0,0.0,0.001,0.001,-0.0,0.0,-0.0,0.0
120,2020-07-30,0.0,0.0,0.001,0.004,0.0,0.002,0.001,-0.0,0.001,0.001,0.002,0.0,0.0,0.0,0.001,0.001,0.0,0.001,-0.0,0.001,0.0,0.0,-0.0,-0.0,0.001,0.0,0.0,0.0,0.002,0.0,0.0,0.001,0.002,0.001,0.0,0.001,0.001,-0.0,0.0,-0.0,0.0
121,2020-07-31,0.0,0.0,0.002,0.005,0.001,0.003,0.001,0.0,0.001,0.001,0.002,0.0,0.0,0.0,0.001,0.001,0.0,0.001,0.0,0.001,0.0,0.0,-0.0,0.0,0.001,0.0,0.0,0.0,0.002,0.0,0.0,0.001,0.002,0.001,0.0,0.001,0.001,0.001,0.001,-0.0,0.001
122,2020-08-01,0.0,0.0,0.002,0.005,0.001,0.003,0.001,0.001,0.002,0.001,0.002,0.0,0.0,0.0,0.001,0.002,0.0,0.002,0.0,0.001,-0.0,0.0,-0.0,0.001,0.001,0.0,0.0,-0.0,0.002,0.001,0.0,0.002,0.002,0.001,0.001,0.001,0.001,0.001,0.001,-0.0,0.001
123,2020-08-02,0.0,0.0,0.002,0.006,0.002,0.004,0.001,0.001,0.002,0.001,0.002,0.0,0.0,0.0,0.001,0.002,0.0,0.002,0.0,0.001,-0.0,0.0,0.0,0.001,0.002,-0.0,0.0,-0.0,0.002,0.001,0.0,0.002,0.002,0.001,0.001,0.001,0.001,0.001,0.001,-0.0,0.001
124,2020-08-03,0.0,0.0,0.002,0.006,0.002,0.004,0.001,0.002,0.003,0.001,0.002,0.0,0.0,0.0,0.002,0.002,0.0,0.002,0.0,0.002,-0.0,-0.0,0.0,0.002,0.002,-0.0,0.0,-0.0,0.002,0.001,0.0,0.002,0.002,0.001,0.001,0.002,0.001,0.002,0.001,-0.0,0.001
125,2020-08-04,0.0,-0.0,0.002,0.006,0.003,0.003,0.001,0.002,0.003,0.001,0.001,0.0,0.0,0.0,0.002,0.003,0.0,0.002,0.0,0.002,-0.0,-0.0,0.0,0.002,0.003,-0.0,0.0,-0.0,0.002,0.001,0.0,0.002,0.002,0.001,0.001,0.002,0.001,0.002,0.001,-0.0,0.001
126,2020-08-05,0.0,-0.0,0.002,0.005,0.003,0.003,0.001,0.002,0.003,0.001,0.001,0.0,0.0,0.0,0.002,0.003,-0.0,0.002,0.0,0.002,-0.0,-0.0,0.0,0.002,0.003,-0.001,-0.0,-0.0,0.002,0.001,-0.0,0.002,0.002,0.001,0.001,0.002,0.002,0.002,0.0,0.0,0.001
127,2020-08-06,0.0,-0.0,0.002,0.005,0.003,0.002,0.0,0.002,0.003,0.001,0.001,0.0,0.0,0.0,0.003,0.003,-0.0,0.002,0.0,0.002,-0.0,-0.0,0.0,0.002,0.003,-0.001,-0.0,-0.0,0.002,0.001,-0.0,0.002,0.002,0.002,0.001,0.002,0.002,0.002,0.0,0.0,0.001
128,2020-08-07,0.0,-0.0,0.002,0.005,0.003,0.001,-0.0,0.002,0.003,0.001,0.001,0.0,0.0,0.0,0.003,0.002,-0.0,0.002,0.0,0.002,-0.0,-0.0,0.001,0.002,0.003,-0.001,-0.0,-0.0,0.002,0.0,-0.0,0.001,0.002,0.002,0.001,0.001,0.002,0.002,0.0,0.0,0.001
129,2020-08-08,0.0,-0.0,0.002,0.004,0.003,-0.001,-0.001,0.002,0.003,0.001,0.0,0.0,-0.0,0.0,0.003,0.002,-0.0,0.001,0.0,0.002,-0.0,-0.0,0.0,0.002,0.003,-0.001,-0.0,-0.0,0.002,0.0,-0.0,0.001,0.002,0.002,0.001,0.001,0.002,0.002,-0.0,0.0,0.001
130,2020-08-09,0.0,-0.0,0.001,0.004,0.002,-0.002,-0.001,0.002,0.002,0.001,0.0,0.0,-0.0,0.0,0.003,0.002,-0.0,0.001,0.0,0.001,-0.0,-0.0,0.0,0.002,0.003,-0.001,-0.0,-0.0,0.002,0.0,-0.001,0.0,0.002,0.002,0.001,0.001,0.002,0.001,-0.0,-0.0,0.001
131,2020-08-10,0.0,-0.0,0.001,0.004,0.002,-0.003,-0.001,0.001,0.002,0.001,0.0,0.0,-0.0,0.0,0.003,0.002,-0.0,0.001,0.0,0.001,-0.0,-0.0,0.0,0.002,0.002,-0.001,-0.0,-0.0,0.002,-0.0,-0.001,-0.0,0.002,0.002,0.001,0.001,0.002,0.001,-0.0,-0.0,0.001
132,2020-08-11,0.0,-0.0,0.0,0.003,0.002,-0.004,-0.002,0.001,0.002,0.001,0.001,0.0,-0.0,0.0,0.003,0.002,-0.0,0.0,0.0,0.001,-0.0,-0.0,0.0,0.001,0.002,-0.0,-0.0,-0.0,0.002,-0.0,-0.001,-0.001,0.001,0.002,0.0,0.001,0.001,0.001,0.0,-0.0,0.001
133,2020-08-12,0.0,-0.0,-0.0,0.003,0.001,-0.005,-0.002,0.001,0.001,0.001,0.001,-0.0,-0.0,0.0,0.003,0.001,-0.0,0.0,0.0,0.0,-0.0,-0.0,0.0,0.001,0.001,-0.0,-0.0,-0.0,0.001,-0.0,-0.001,-0.002,0.001,0.002,0.0,0.001,0.001,0.001,0.0,-0.0,0.001
134,2020-08-13,0.0,0.0,-0.001,0.002,0.001,-0.005,-0.002,0.0,0.001,0.0,0.001,-0.0,-0.0,0.0,0.002,0.001,-0.0,-0.0,0.0,0.0,-0.0,-0.0,0.0,0.001,-0.0,-0.0,-0.0,-0.0,0.001,0.0,-0.001,-0.002,0.001,0.001,-0.0,0.001,0.001,0.001,0.0,-0.0,0.001
135,2020-08-14,0.0,0.0,-0.001,0.002,0.0,-0.006,-0.002,0.0,0.0,0.0,0.001,-0.0,-0.0,0.0,0.002,0.001,0.0,-0.0,0.0,-0.0,0.0,-0.0,0.0,0.0,-0.002,0.0,-0.0,-0.0,0.001,0.0,-0.001,-0.002,0.0,0.001,-0.0,0.001,0.001,0.001,0.0,-0.0,0.001
136,2020-08-15,0.0,0.0,-0.002,0.001,-0.0,-0.006,-0.002,-0.0,-0.0,0.0,0.001,-0.0,0.0,0.0,0.002,0.001,0.0,-0.0,0.0,-0.0,0.0,-0.0,0.0,0.0,-0.003,0.0,-0.0,0.0,0.001,0.0,-0.0,-0.002,0.0,0.001,-0.0,0.001,0.0,0.001,0.001,-0.0,0.0
137,2020-08-16,0.0,0.0,-0.002,0.001,-0.001,-0.006,-0.002,-0.0,-0.001,-0.0,0.001,-0.001,0.0,-0.0,0.002,0.0,0.0,-0.0,0.0,-0.0,0.0,-0.0,0.0,0.0,-0.003,0.0,-0.0,0.0,0.0,0.001,-0.0,-0.002,-0.0,0.0,-0.0,0.0,0.0,0.001,0.001,-0.0,0.0
138,2020-08-17,0.0,0.0,-0.002,0.001,-0.001,-0.005,-0.001,-0.0,-0.001,-0.0,0.001,-0.001,0.0,-0.0,0.002,0.0,0.0,0.0,0.0,0.0,0.0,-0.0,0.0,0.0,-0.004,0.0,-0.0,0.0,0.0,0.001,-0.0,-0.002,-0.0,-0.0,-0.0,0.0,-0.0,0.001,0.001,0.0,0.0
139,2020-08-18,0.0,0.0,-0.002,0.001,-0.001,-0.005,-0.001,-0.0,-0.001,-0.0,0.0,-0.001,0.0,-0.0,0.002,0.0,0.0,0.0,-0.0,0.001,0.0,0.0,0.0,0.0,-0.004,0.0,-0.0,0.0,0.0,0.001,-0.0,-0.002,-0.0,-0.0,-0.001,0.0,-0.0,0.0,0.001,0.0,0.0
140,2020-08-19,0.0,0.0,-0.002,0.001,-0.001,-0.005,-0.0,-0.0,-0.001,-0.0,0.0,-0.0,0.0,-0.0,0.002,0.0,0.0,0.001,-0.0,0.001,0.0,0.0,-0.0,0.0,-0.004,0.0,0.0,0.0,0.0,0.001,-0.0,-0.002,-0.0,-0.001,-0.001,0.0,-0.0,0.0,0.001,0.0,0.0
141,2020-08-20,0.0,0.0,-0.002,0.002,-0.0,-0.004,0.0,-0.0,-0.001,-0.0,-0.0,-0.0,0.0,-0.0,0.002,0.0,-0.0,0.001,-0.0,0.002,0.0,0.0,-0.0,0.0,-0.004,-0.0,0.0,0.0,0.001,0.001,0.0,-0.002,-0.0,-0.001,-0.001,0.0,-0.0,0.0,0.001,0.0,0.0
142,2020-08-21,0.0,-0.0,-0.002,0.002,-0.001,-0.004,0.0,-0.0,-0.001,-0.0,-0.0,-0.0,0.0,-0.0,0.002,-0.0,-0.0,0.001,-0.0,0.003,-0.0,0.0,-0.0,0.0,-0.004,-0.0,-0.0,0.0,0.001,0.0,0.0,-0.001,-0.0,-0.001,-0.001,0.0,-0.0,0.0,0.0,0.0,0.0
143,2020-08-22,0.0,-0.0,-0.001,0.002,-0.0,-0.004,0.0,-0.0,-0.001,-0.0,-0.0,-0.0,0.0,0.0,0.002,-0.0,-0.0,0.001,-0.0,0.004,-0.0,0.0,-0.0,0.0,-0.004,-0.0,-0.0,0.0,0.001,-0.0,0.0,-0.001,-0.0,-0.001,-0.001,-0.0,-0.0,-0.0,0.0,0.0,0.0
144,2020-08-23,0.0,-0.0,-0.001,0.002,-0.0,-0.003,0.0,-0.0,-0.0,0.0,-0.001,-0.0,0.0,0.0,0.003,-0.0,-0.0,0.001,-0.0,0.005,-0.0,-0.0,-0.0,0.0,-0.003,-0.001,-0.0,0.0,0.001,-0.0,0.0,-0.001,-0.0,-0.001,-0.001,-0.0,-0.0,-0.0,0.0,0.0,0.0
145,2020-08-24,0.0,-0.0,-0.001,0.002,-0.001,-0.002,0.0,-0.0,-0.001,0.0,-0.001,0.0,0.0,0.0,0.003,-0.0,-0.0,0.0,-0.0,0.006,-0.0,-0.0,-0.0,-0.0,-0.003,-0.001,0.0,0.0,0.001,-0.001,0.0,-0.001,-0.0,-0.001,-0.001,-0.001,-0.0,-0.0,0.001,0.0,-0.0
146,2020-08-25,0.0,-0.0,-0.001,0.001,-0.001,-0.002,-0.0,-0.0,-0.001,0.0,-0.001,0.0,0.0,0.0,0.003,-0.0,-0.0,-0.0,-0.0,0.007,-0.0,-0.0,-0.0,-0.0,-0.003,-0.001,0.0,0.0,0.001,-0.001,0.0,-0.001,-0.001,-0.001,-0.001,-0.001,-0.0,-0.0,0.001,0.0,-0.0
147,2020-08-26,-0.0,-0.0,-0.001,0.001,-0.001,-0.002,-0.0,-0.0,-0.001,0.0,-0.001,0.0,0.0,0.0,0.002,-0.001,-0.0,-0.001,-0.0,0.007,-0.0,-0.0,-0.0,-0.001,-0.003,-0.001,0.0,0.0,0.0,-0.001,-0.0,-0.001,-0.001,-0.001,-0.001,-0.001,-0.001,-0.001,0.001,0.0,-0.0
148,2020-08-27,-0.0,-0.0,-0.001,-0.0,-0.001,-0.002,-0.001,-0.001,-0.001,0.0,-0.001,0.0,0.0,-0.0,0.002,-0.001,-0.0,-0.001,-0.0,0.007,-0.0,-0.0,-0.0,-0.001,-0.003,-0.0,0.0,-0.0,-0.0,-0.001,-0.0,-0.001,-0.001,-0.001,-0.001,-0.002,-0.001,-0.001,0.001,-0.0,-0.001
149,2020-08-28,-0.0,-0.0,-0.002,-0.002,-0.002,-0.002,-0.001,-0.001,-0.002,0.0,-0.001,0.0,0.0,-0.0,0.001,-0.001,-0.0,-0.002,-0.0,0.006,-0.0,-0.0,-0.0,-0.001,-0.003,-0.0,0.0,-0.0,-0.001,-0.001,-0.0,-0.002,-0.002,-0.001,-0.001,-0.002,-0.001,-0.001,0.001,-0.0,-0.001
150,2020-08-29,-0.0,-0.0,-0.002,-0.003,-0.002,-0.003,-0.002,-0.002,-0.002,-0.0,-0.001,-0.0,0.0,-0.0,-0.0,-0.001,-0.0,-0.002,-0.0,0.005,-0.0,-0.0,-0.0,-0.002,-0.003,-0.0,0.0,-0.0,-0.002,-0.001,-0.0,-0.002,-0.002,-0.002,-0.001,-0.003,-0.001,-0.001,0.0,-0.0,-0.001
151,2020-08-30,-0.0,-0.0,-0.003,-0.004,-0.003,-0.004,-0.002,-0.002,-0.003,-0.001,-0.001,-0.0,0.0,-0.0,-0.001,-0.002,-0.0,-0.002,-0.0,0.003,-0.0,-0.0,-0.001,-0.002,-0.003,-0.0,0.0,-0.001,-0.002,-0.002,-0.0,-0.003,-0.002,-0.002,-0.001,-0.003,-0.001,-0.001,0.0,-0.001,-0.002
152,2020-08-31,-0.0,-0.0,-0.004,-0.005,-0.003,-0.005,-0.002,-0.003,-0.003,-0.001,-0.001,-0.0,0.0,-0.0,-0.002,-0.002,-0.0,-0.002,-0.0,0.001,0.0,-0.0,-0.001,-0.002,-0.003,0.0,0.0,-0.001,-0.003,-0.001,-0.0,-0.003,-0.002,-0.002,-0.001,-0.003,-0.001,-0.002,-0.0,-0.001,-0.002
153,2020-09-01,-0.0,-0.0,-0.004,-0.005,-0.003,-0.006,-0.002,-0.003,-0.003,-0.001,-0.001,-0.0,0.0,-0.0,-0.003,-0.002,-0.0,-0.002,-0.0,-0.0,0.0,-0.0,-0.001,-0.002,-0.003,0.0,0.0,-0.001,-0.004,-0.001,-0.0,-0.004,-0.002,-0.002,-0.001,-0.003,-0.001,-0.002,-0.0,-0.001,-0.002
154,2020-09-02,-0.0,-0.0,-0.004,-0.005,-0.003,-0.007,-0.002,-0.003,-0.003,-0.001,-0.001,-0.0,0.0,-0.0,-0.003,-0.002,-0.0,-0.002,-0.0,-0.001,0.0,0.0,-0.001,-0.001,-0.003,0.0,0.0,-0.001,-0.004,-0.001,-0.0,-0.004,-0.002,-0.002,-0.001,-0.002,-0.001,-0.001,-0.001,-0.001,-0.002
155,2020-09-03,-0.0,0.0,-0.004,-0.004,-0.002,-0.008,-0.002,-0.002,-0.002,-0.0,-0.0,0.0,0.0,-0.0,-0.004,-0.002,-0.0,-0.002,-0.0,-0.002,0.0,0.0,-0.001,-0.001,-0.003,0.0,0.0,-0.001,-0.004,-0.001,-0.0,-0.004,-0.001,-0.001,-0.0,-0.002,-0.001,-0.001,-0.001,-0.001,-0.001
156,2020-09-04,-0.0,0.0,-0.004,-0.003,-0.002,-0.009,-0.001,-0.002,-0.001,-0.0,0.0,0.0,0.0,-0.0,-0.003,-0.001,-0.0,-0.001,-0.0,-0.002,0.0,0.0,-0.0,-0.001,-0.003,0.0,0.0,-0.001,-0.004,-0.0,-0.0,-0.004,-0.001,-0.001,0.0,-0.001,-0.0,-0.001,-0.001,-0.001,-0.001
157,2020-09-05,-0.0,0.0,-0.004,-0.002,-0.001,-0.009,-0.001,-0.001,0.0,0.0,0.0,0.0,0.0,-0.0,-0.003,-0.001,-0.0,-0.001,-0.0,-0.002,0.0,0.0,-0.0,-0.0,-0.002,0.0,0.0,-0.001,-0.003,0.0,-0.0,-0.003,-0.0,-0.001,0.0,-0.0,0.0,-0.0,-0.001,-0.0,-0.0
158,2020-09-06,-0.0,0.0,-0.003,0.0,-0.0,-0.007,-0.0,0.001,0.001,0.001,0.001,0.0,0.0,0.0,-0.001,0.0,-0.0,-0.0,0.0,-0.002,0.0,0.0,0.0,0.0,-0.001,0.0,0.0,-0.0,-0.002,0.001,-0.0,-0.002,0.001,-0.0,0.001,0.001,0.001,0.001,-0.0,-0.0,0.0
159,2020-09-07,0.0,0.0,-0.001,0.003,0.001,-0.005,0.001,0.002,0.002,0.002,0.001,0.001,0.001,0.0,0.001,0.001,-0.0,0.0,0.0,-0.001,0.001,0.0,0.001,0.0,-0.0,0.0,0.0,-0.0,0.0,0.001,0.0,-0.001,0.001,0.0,0.002,0.001,0.001,0.002,0.0,0.0,0.001
160,2020-09-08,0.0,0.0,0.001,0.006,0.001,-0.001,0.002,0.003,0.003,0.002,0.001,0.001,0.001,0.0,0.002,0.001,-0.0,0.001,0.001,-0.001,0.001,0.0,0.001,0.0,0.001,0.0,0.0,0.0,0.002,0.001,0.0,-0.0,0.001,0.0,0.002,0.002,0.001,0.003,0.0,0.0,0.001
161,2020-09-09,0.0,0.0,0.002,0.008,0.002,0.002,0.003,0.004,0.003,0.002,0.001,0.001,0.001,0.001,0.003,0.001,0.0,0.001,0.001,-0.0,0.0,0.0,0.001,0.0,0.002,0.0,0.0,0.0,0.004,0.001,0.0,0.001,0.001,0.0,0.003,0.002,0.001,0.003,0.0,0.0,0.002
162,2020-09-10,0.0,0.0,0.003,0.009,0.002,0.005,0.004,0.004,0.003,0.002,0.001,0.001,0.001,0.001,0.003,0.001,0.0,0.001,0.001,-0.0,0.0,0.0,0.002,0.0,0.003,0.0,0.0,0.0,0.005,0.001,0.001,0.002,0.001,0.0,0.003,0.002,0.001,0.004,0.0,0.001,0.002
163,2020-09-11,0.0,0.0,0.004,0.01,0.002,0.007,0.004,0.004,0.003,0.002,0.001,0.001,0.001,0.001,0.004,0.001,0.0,0.001,0.001,-0.0,0.0,0.0,0.002,0.0,0.003,0.0,0.0,0.0,0.006,0.001,0.001,0.002,0.001,0.0,0.003,0.002,0.001,0.004,0.0,0.001,0.002
164,2020-09-12,0.0,0.0,0.004,0.01,0.001,0.008,0.004,0.003,0.002,0.002,0.0,0.001,0.001,0.001,0.004,0.001,0.001,0.001,0.001,-0.001,0.0,0.0,0.002,-0.0,0.003,0.0,0.0,0.0,0.006,0.0,0.001,0.002,0.0,-0.0,0.003,0.002,0.001,0.004,0.0,0.001,0.002
165,2020-09-13,0.0,0.0,0.004,0.008,0.001,0.007,0.003,0.002,0.002,0.001,0.0,0.001,0.0,0.001,0.003,0.001,0.001,0.001,0.0,-0.002,0.0,0.0,0.001,-0.0,0.003,0.0,0.0,0.0,0.005,0.0,0.001,0.002,0.0,-0.0,0.002,0.001,0.0,0.003,0.0,0.001,0.001
166,2020-09-14,0.0,0.0,0.003,0.006,0.001,0.005,0.002,0.001,0.001,0.001,-0.0,0.0,0.0,0.0,0.002,0.0,0.001,0.001,0.0,-0.002,0.0,0.0,0.001,-0.0,0.002,0.0,0.0,0.0,0.004,-0.0,0.001,0.002,-0.0,-0.0,0.002,0.0,0.0,0.003,-0.0,0.001,0.001
167,2020-09-15,0.0,0.0,0.002,0.003,0.0,0.001,0.0,-0.0,0.001,0.0,-0.0,0.0,0.0,0.0,0.001,0.0,0.0,0.001,-0.0,-0.003,0.0,-0.0,0.001,-0.0,0.001,0.0,-0.0,-0.0,0.002,-0.0,0.0,0.001,-0.0,-0.0,0.001,0.0,0.0,0.002,-0.0,0.001,0.001
168,2020-09-16,-0.0,0.0,0.0,-0.0,-0.0,-0.003,-0.002,-0.001,0.001,0.0,-0.001,-0.0,0.0,0.0,-0.0,-0.0,0.0,0.0,-0.0,-0.003,0.0,-0.0,0.001,-0.0,-0.001,0.0,-0.0,-0.0,0.001,-0.001,0.0,-0.0,-0.001,-0.0,0.0,-0.0,-0.0,0.001,-0.0,0.0,0.0
169,2020-09-17,-0.0,0.0,-0.001,-0.003,-0.0,-0.007,-0.003,-0.002,0.001,-0.0,-0.001,-0.0,-0.0,-0.0,-0.001,-0.0,0.0,0.0,-0.001,-0.003,0.0,-0.0,0.0,-0.0,-0.002,0.0,-0.0,-0.0,-0.001,-0.001,0.0,-0.001,-0.001,-0.0,-0.001,-0.001,-0.0,0.001,-0.0,0.0,-0.0
170,2020-09-18,-0.0,0.0,-0.003,-0.005,-0.001,-0.01,-0.005,-0.003,0.001,-0.001,-0.001,-0.0,-0.0,-0.0,-0.002,-0.0,-0.0,-0.0,-0.001,-0.003,0.0,-0.0,0.0,-0.0,-0.003,-0.0,-0.001,-0.0,-0.003,-0.001,-0.0,-0.002,-0.001,-0.0,-0.001,-0.001,-0.0,-0.0,-0.0,-0.0,-0.001
171,2020-09-19,-0.0,0.0,-0.004,-0.007,-0.001,-0.013,-0.006,-0.003,0.001,-0.001,-0.001,-0.0,-0.0,-0.0,-0.003,-0.0,-0.0,-0.0,-0.001,-0.002,0.0,-0.0,0.0,-0.0,-0.004,-0.0,-0.001,-0.0,-0.005,-0.0,-0.0,-0.003,-0.001,-0.0,-0.002,-0.001,-0.0,-0.001,-0.0,-0.0,-0.001
172,2020-09-20,-0.001,0.0,-0.005,-0.009,-0.001,-0.015,-0.007,-0.003,0.001,-0.001,-0.0,-0.0,-0.0,-0.0,-0.003,-0.0,-0.001,-0.0,-0.001,-0.002,0.0,-0.0,0.0,0.0,-0.005,-0.0,-0.001,-0.001,-0.006,-0.0,-0.0,-0.003,-0.0,0.0,-0.002,-0.001,-0.0,-0.001,0.0,-0.0,-0.001
173,2020-09-21,-0.001,0.0,-0.005,-0.009,-0.001,-0.016,-0.006,-0.003,0.001,-0.001,-0.0,-0.0,-0.0,-0.0,-0.002,-0.0,-0.001,-0.0,-0.001,-0.001,0.0,-0.0,-0.0,0.0,-0.005,-0.0,-0.001,-0.001,-0.006,0.0,-0.0,-0.004,-0.0,0.0,-0.002,-0.001,-0.0,-0.001,0.001,-0.0,-0.001
174,2020-09-22,-0.0,0.0,-0.006,-0.008,-0.001,-0.014,-0.006,-0.003,0.0,-0.001,-0.0,-0.001,-0.0,-0.0,-0.003,-0.0,-0.001,-0.001,-0.001,-0.001,0.0,-0.0,-0.0,0.0,-0.005,0.0,-0.001,-0.001,-0.006,0.0,-0.0,-0.004,-0.0,0.0,-0.002,-0.001,-0.001,-0.002,0.001,-0.0,-0.001
175,2020-09-23,-0.0,0.0,-0.005,-0.008,-0.001,-0.012,-0.005,-0.002,-0.0,-0.001,-0.0,-0.001,-0.0,-0.0,-0.003,-0.0,-0.001,-0.001,-0.001,-0.001,0.0,-0.0,-0.001,-0.0,-0.005,0.0,-0.0,-0.001,-0.005,0.0,-0.0,-0.004,-0.001,-0.0,-0.002,-0.001,-0.001,-0.002,0.001,-0.0,-0.001
176,2020-09-24,-0.0,-0.0,-0.005,-0.006,-0.001,-0.009,-0.004,-0.002,-0.001,-0.001,-0.0,-0.001,-0.0,-0.0,-0.002,-0.001,-0.001,-0.001,-0.001,-0.002,-0.0,-0.0,-0.001,-0.0,-0.005,0.0,-0.0,-0.001,-0.005,0.0,-0.0,-0.004,-0.001,-0.0,-0.002,-0.002,-0.001,-0.002,0.001,-0.0,-0.002
177,2020-09-25,-0.0,-0.0,-0.004,-0.005,-0.002,-0.006,-0.003,-0.001,-0.001,-0.001,-0.0,-0.001,-0.0,-0.0,-0.002,-0.001,-0.001,-0.001,-0.001,-0.002,-0.0,-0.0,-0.001,-0.001,-0.004,0.0,-0.0,-0.001,-0.004,-0.0,-0.0,-0.003,-0.001,-0.001,-0.002,-0.002,-0.001,-0.002,0.002,-0.0,-0.002
178,2020-09-26,-0.0,0.0,-0.003,-0.004,-0.002,-0.003,-0.001,-0.001,-0.002,-0.001,-0.0,-0.001,-0.0,-0.0,-0.001,-0.001,-0.0,-0.001,-0.001,-0.002,-0.0,0.0,-0.001,-0.001,-0.004,0.0,-0.0,-0.001,-0.003,-0.0,-0.0,-0.003,-0.001,-0.001,-0.001,-0.002,-0.001,-0.002,0.002,-0.0,-0.002
179,2020-09-27,-0.0,0.0,-0.002,-0.002,-0.002,-0.0,-0.0,-0.0,-0.002,-0.001,-0.0,-0.001,-0.0,-0.0,-0.001,-0.001,-0.0,-0.001,-0.0,-0.002,-0.0,0.0,-0.002,-0.001,-0.003,0.001,0.0,-0.001,-0.002,-0.001,-0.0,-0.002,-0.001,-0.001,-0.001,-0.002,-0.001,-0.002,0.003,0.0,-0.002
180,2020-09-28,0.0,0.0,-0.002,-0.001,-0.002,0.001,-0.0,0.0,-0.002,-0.001,0.0,-0.0,-0.0,0.0,-0.0,-0.001,-0.0,-0.001,-0.0,-0.002,-0.0,0.0,-0.001,-0.001,-0.003,0.001,0.0,-0.001,-0.001,-0.001,-0.0,-0.002,-0.002,-0.001,-0.001,-0.002,-0.001,-0.002,0.003,0.0,-0.002
181,2020-09-29,0.0,0.0,-0.001,-0.001,-0.001,0.002,0.0,0.001,-0.002,-0.001,0.001,-0.0,-0.0,0.0,0.001,-0.001,0.0,-0.001,-0.0,-0.002,-0.0,0.0,-0.001,-0.0,-0.002,0.001,0.0,-0.0,-0.0,-0.001,-0.0,-0.001,-0.001,-0.001,-0.001,-0.001,-0.001,-0.001,0.004,0.0,-0.001
182,2020-09-30,0.0,0.0,-0.0,-0.0,-0.001,0.002,0.0,0.001,-0.001,-0.001,0.001,-0.0,-0.0,0.0,0.001,-0.0,0.0,-0.001,0.0,-0.002,-0.0,0.0,-0.001,0.0,-0.002,0.001,0.0,-0.0,0.0,-0.001,-0.0,-0.001,-0.001,-0.0,-0.0,-0.001,-0.001,-0.001,0.005,0.0,-0.001
183,2020-10-01,0.0,0.0,0.0,0.0,-0.001,0.002,-0.0,0.002,-0.001,-0.001,0.001,0.0,-0.0,0.0,0.002,0.0,0.0,-0.001,0.0,-0.001,-0.0,0.0,-0.001,0.0,-0.001,0.001,0.0,-0.0,0.001,-0.001,-0.0,-0.0,-0.001,-0.0,0.0,-0.001,-0.0,-0.0,0.005,0.0,-0.001
184,2020-10-02,0.0,0.0,0.001,0.001,-0.0,0.002,-0.0,0.002,-0.0,-0.0,0.001,0.0,-0.0,0.0,0.002,0.0,0.0,-0.0,0.0,-0.001,-0.0,0.0,-0.001,0.001,-0.001,0.001,0.0,-0.0,0.001,-0.001,-0.0,0.0,-0.0,0.0,0.0,-0.001,0.0,-0.0,0.005,0.0,-0.001
185,2020-10-03,0.0,0.0,0.001,0.001,0.0,0.002,-0.0,0.002,0.001,-0.0,0.001,0.0,-0.0,0.0,0.002,0.0,0.0,-0.0,0.0,-0.001,-0.0,0.0,-0.0,0.001,-0.0,0.001,0.0,0.0,0.001,-0.001,-0.0,0.001,0.0,0.001,0.0,-0.001,0.0,0.0,0.005,0.0,-0.0
186,2020-10-04,0.0,0.0,0.002,0.001,0.001,0.002,-0.0,0.002,0.001,-0.0,0.001,-0.0,-0.0,0.0,0.001,0.001,0.0,0.0,0.0,-0.001,-0.0,0.0,-0.0,0.001,0.0,0.0,0.0,0.0,0.001,-0.001,-0.0,0.001,0.0,0.001,0.0,-0.0,0.001,0.001,0.005,-0.0,-0.0
187,2020-10-05,0.0,0.0,0.002,0.002,0.001,0.002,0.0,0.002,0.001,-0.001,0.001,-0.0,-0.0,0.0,0.0,0.001,0.0,0.0,0.0,-0.0,-0.0,0.0,-0.0,0.001,0.001,0.0,-0.0,0.0,0.001,-0.001,-0.0,0.001,0.0,0.001,0.001,-0.0,0.001,0.001,0.004,-0.0,0.0
188,2020-10-06,0.0,0.0,0.002,0.002,0.001,0.002,0.0,0.001,0.001,-0.001,0.0,-0.0,-0.0,-0.0,-0.001,0.001,0.0,0.001,0.0,-0.0,-0.0,0.0,0.0,0.001,0.001,-0.0,-0.0,0.0,0.0,-0.001,0.0,0.002,0.0,0.001,0.001,-0.0,0.001,0.001,0.003,-0.0,0.0
189,2020-10-07,0.0,0.0,0.002,0.002,0.001,0.002,0.001,0.001,0.001,-0.001,-0.0,-0.0,-0.0,-0.0,-0.002,0.001,0.0,0.001,-0.0,-0.0,-0.0,0.0,0.0,0.0,0.001,-0.0,-0.0,0.0,-0.0,-0.001,0.0,0.002,0.0,0.001,0.001,0.0,0.001,0.0,0.002,-0.0,0.0
190,2020-10-08,0.0,0.0,0.002,0.002,0.001,0.002,0.001,0.0,0.001,-0.001,-0.001,-0.001,-0.0,-0.0,-0.002,0.001,0.0,0.001,-0.0,-0.0,-0.0,-0.0,0.0,0.0,0.001,-0.0,-0.0,-0.0,-0.001,-0.0,0.0,0.002,0.0,0.001,0.001,0.001,0.001,0.0,0.001,-0.0,0.0
191,2020-10-09,0.0,-0.0,0.002,0.003,0.001,0.003,0.001,0.0,0.001,-0.0,-0.001,-0.0,-0.0,-0.0,-0.003,0.0,-0.0,0.001,-0.0,-0.001,-0.0,-0.0,0.0,0.0,0.001,-0.001,-0.0,-0.0,-0.001,-0.0,0.0,0.002,0.0,0.001,0.0,0.001,0.001,0.0,-0.0,-0.0,0.0
192,2020-10-10,0.0,-0.0,0.002,0.003,0.002,0.003,0.002,0.0,0.001,-0.0,-0.001,-0.0,-0.0,-0.0,-0.003,0.0,-0.0,0.001,-0.0,-0.001,-0.0,-0.0,0.001,0.0,0.001,-0.001,-0.0,-0.0,-0.001,-0.0,0.0,0.002,0.0,0.001,-0.0,0.001,0.001,-0.0,-0.001,0.0,0.0
193,2020-10-11,0.0,0.0,0.002,0.004,0.002,0.003,0.002,0.001,0.001,0.0,-0.001,-0.0,0.0,-0.0,-0.002,0.0,-0.0,0.001,-0.0,-0.001,-0.0,-0.0,0.001,0.0,0.001,-0.001,-0.0,-0.0,-0.001,0.0,0.0,0.002,0.0,0.001,-0.001,0.001,0.001,-0.0,-0.001,0.0,0.001
194,2020-10-12,0.0,0.0,0.003,0.005,0.002,0.003,0.002,0.001,0.001,0.0,-0.001,0.0,0.0,0.0,-0.001,0.0,0.0,0.001,-0.0,-0.001,-0.0,-0.0,0.001,0.0,0.001,-0.0,0.0,-0.0,-0.0,0.001,0.0,0.001,0.0,0.001,-0.001,0.001,0.0,-0.0,-0.001,0.001,0.001
195,2020-10-13,0.0,0.0,0.003,0.006,0.002,0.003,0.001,0.002,0.001,0.001,-0.0,0.001,0.0,0.0,0.0,0.0,0.0,0.001,0.0,-0.001,-0.0,-0.0,0.001,0.001,0.001,-0.0,0.0,-0.001,0.001,0.001,0.0,0.002,0.001,0.001,-0.002,0.002,0.0,0.0,-0.001,0.001,0.001
196,2020-10-14,0.0,0.0,0.003,0.007,0.002,0.003,0.001,0.002,0.001,0.001,0.001,0.001,0.0,0.0,0.002,0.0,0.0,0.001,0.0,-0.0,0.0,-0.0,0.001,0.001,0.001,0.0,0.0,-0.001,0.001,0.001,0.0,0.002,0.001,0.001,-0.003,0.002,0.0,0.001,-0.001,0.001,0.001
197,2020-10-15,0.0,0.0,0.004,0.008,0.002,0.003,0.0,0.003,0.001,0.001,0.001,0.001,0.0,0.001,0.003,0.0,0.0,0.001,0.0,-0.0,0.0,-0.0,0.001,0.002,0.001,0.001,0.001,-0.001,0.002,0.002,0.001,0.002,0.001,0.001,-0.004,0.002,0.0,0.001,-0.001,0.001,0.001
198,2020-10-16,0.0,0.0,0.003,0.007,0.002,0.002,-0.0,0.003,0.001,0.002,0.002,0.001,0.0,0.001,0.004,0.0,0.0,0.001,0.0,-0.0,0.0,-0.0,0.001,0.002,0.0,0.001,0.001,-0.001,0.002,0.002,0.001,0.002,0.001,0.001,-0.004,0.002,0.0,0.001,-0.0,0.001,0.001
199,2020-10-17,0.0,0.0,0.003,0.007,0.002,0.001,-0.001,0.003,0.001,0.002,0.002,0.001,0.0,0.001,0.004,0.0,0.0,0.001,0.001,0.0,0.0,-0.0,0.001,0.002,0.0,0.001,0.001,-0.001,0.002,0.002,0.001,0.001,0.001,0.001,-0.005,0.002,0.0,0.001,0.0,0.001,0.001
200,2020-10-18,0.0,0.0,0.003,0.006,0.002,0.001,-0.001,0.002,0.001,0.001,0.002,0.001,0.0,0.001,0.004,0.0,0.0,0.001,0.0,0.0,-0.0,-0.0,0.001,0.002,0.0,0.001,0.001,-0.001,0.002,0.002,0.001,0.001,0.001,0.001,-0.005,0.001,-0.0,0.002,0.0,0.001,0.001
201,2020-10-19,0.0,0.0,0.002,0.004,0.001,-0.0,-0.001,0.002,0.001,0.001,0.002,0.001,0.0,0.001,0.004,0.0,0.0,0.001,0.0,0.0,-0.0,-0.0,0.0,0.002,0.0,0.001,0.001,-0.001,0.002,0.001,0.001,0.001,0.001,0.001,-0.006,0.001,-0.0,0.001,0.0,0.001,0.001
202,2020-10-20,0.0,0.0,0.001,0.002,0.001,-0.002,-0.002,0.001,0.001,0.001,0.001,0.0,0.0,0.001,0.003,0.0,0.0,0.001,0.0,0.0,-0.0,-0.0,0.0,0.001,0.0,0.001,0.0,-0.001,0.002,0.001,0.001,0.0,0.001,0.001,-0.006,0.001,-0.0,0.001,0.0,0.001,0.0
203,2020-10-21,-0.0,0.0,0.0,-0.0,0.0,-0.003,-0.002,-0.0,0.0,0.001,0.001,0.0,-0.0,0.0,0.002,0.0,0.0,0.001,0.0,-0.0,-0.0,-0.0,0.0,0.001,0.0,0.0,0.0,-0.0,0.001,0.0,0.001,-0.001,0.0,0.001,-0.005,0.0,-0.0,0.001,0.0,0.001,0.0
204,2020-10-22,-0.0,0.0,-0.001,-0.002,-0.0,-0.004,-0.002,-0.001,0.0,0.0,0.0,-0.0,-0.0,0.0,0.001,0.0,0.0,0.0,0.0,-0.0,0.0,-0.0,-0.0,0.0,0.0,0.0,-0.0,-0.0,0.0,-0.0,0.0,-0.001,0.0,0.0,-0.005,-0.0,-0.0,0.0,-0.0,0.0,-0.0
205,2020-10-23,-0.0,0.0,-0.001,-0.003,-0.001,-0.005,-0.002,-0.002,0.0,-0.0,0.0,-0.001,-0.0,-0.0,-0.0,-0.0,0.0,0.0,0.0,-0.001,0.0,-0.0,-0.0,-0.0,0.0,-0.0,-0.0,-0.0,-0.0,-0.0,0.0,-0.001,-0.0,-0.0,-0.004,-0.0,-0.0,-0.0,-0.0,0.0,-0.0
206,2020-10-24,-0.0,0.0,-0.002,-0.004,-0.001,-0.006,-0.002,-0.002,-0.0,-0.0,-0.0,-0.001,-0.0,-0.0,-0.001,-0.0,-0.0,0.0,-0.0,-0.001,0.0,-0.0,-0.0,-0.0,-0.0,-0.0,-0.001,0.0,-0.001,-0.001,0.0,-0.002,-0.0,-0.0,-0.003,-0.001,-0.0,-0.001,-0.001,-0.0,-0.0
207,2020-10-25,-0.0,0.0,-0.002,-0.005,-0.001,-0.008,-0.002,-0.002,-0.0,-0.001,-0.0,-0.001,-0.0,-0.0,-0.001,-0.0,-0.0,-0.0,-0.0,-0.001,0.0,-0.0,-0.0,-0.001,-0.0,-0.0,-0.001,0.0,-0.001,-0.001,0.0,-0.002,-0.0,-0.0,-0.003,-0.001,-0.0,-0.001,-0.001,-0.0,-0.0
208,2020-10-26,-0.0,0.0,-0.003,-0.005,-0.001,-0.009,-0.002,-0.003,-0.0,-0.001,-0.0,-0.001,-0.0,-0.001,-0.002,-0.0,-0.0,-0.0,-0.0,-0.002,0.0,-0.0,-0.0,-0.001,-0.001,-0.0,-0.001,0.0,-0.002,-0.001,0.0,-0.003,-0.0,-0.001,-0.002,-0.001,-0.001,-0.001,-0.001,-0.0,0.0
209,2020-10-27,-0.0,0.0,-0.003,-0.005,-0.001,-0.01,-0.002,-0.003,-0.001,-0.001,0.0,-0.001,-0.0,-0.001,-0.002,-0.0,-0.0,-0.0,-0.0,-0.002,0.0,0.0,-0.0,-0.001,-0.002,-0.0,-0.0,0.0,-0.002,-0.001,0.0,-0.003,-0.0,-0.001,-0.001,-0.001,-0.001,-0.001,-0.001,-0.0,0.0
210,2020-10-28,-0.0,0.0,-0.003,-0.005,-0.001,-0.011,-0.003,-0.002,-0.001,-0.001,0.0,-0.0,-0.0,-0.001,-0.002,-0.0,-0.0,-0.001,-0.0,-0.002,0.0,0.0,-0.0,-0.001,-0.002,0.0,-0.0,0.0,-0.003,-0.001,0.0,-0.003,-0.0,-0.001,-0.001,-0.001,-0.001,-0.001,-0.001,-0.0,0.0
211,2020-10-29,-0.0,0.0,-0.003,-0.004,-0.001,-0.011,-0.003,-0.002,-0.001,-0.001,0.001,-0.0,-0.0,-0.0,-0.002,-0.0,-0.0,-0.001,-0.0,-0.002,0.0,0.0,-0.0,-0.001,-0.003,0.0,-0.0,-0.0,-0.003,-0.0,0.0,-0.003,-0.0,-0.0,-0.001,-0.001,-0.001,-0.001,-0.001,-0.0,0.0
212,2020-10-30,-0.0,0.001,-0.003,-0.004,-0.001,-0.011,-0.003,-0.002,-0.001,-0.001,0.001,-0.0,-0.0,-0.0,-0.002,-0.0,-0.0,-0.001,-0.0,-0.002,0.0,0.0,-0.001,-0.001,-0.003,0.0,0.0,-0.0,-0.003,-0.0,0.0,-0.003,0.0,-0.0,-0.001,-0.001,-0.001,-0.001,-0.001,-0.0,0.0
213,2020-10-31,-0.0,0.001,-0.002,-0.004,-0.0,-0.011,-0.003,-0.002,-0.001,-0.001,0.001,0.0,-0.0,-0.0,-0.002,-0.0,-0.0,-0.001,-0.0,-0.001,0.0,0.0,-0.0,-0.001,-0.003,0.0,0.0,-0.0,-0.003,-0.0,0.0,-0.003,0.0,-0.0,-0.001,-0.001,-0.001,-0.001,-0.001,-0.0,0.001
214,2020-11-01,-0.0,0.001,-0.002,-0.005,-0.0,-0.011,-0.003,-0.002,-0.001,-0.001,0.0,-0.0,-0.0,-0.0,-0.002,-0.0,-0.0,-0.001,-0.0,-0.001,0.0,0.0,-0.0,-0.001,-0.003,0.0,0.0,-0.001,-0.004,0.0,0.0,-0.003,0.0,-0.0,-0.001,-0.0,-0.0,-0.0,-0.001,-0.0,0.001
215,2020-11-02,-0.0,0.001,-0.002,-0.006,0.0,-0.01,-0.003,-0.002,-0.001,-0.001,-0.0,-0.0,-0.0,0.0,-0.002,0.0,-0.0,-0.001,-0.0,-0.001,-0.0,0.0,-0.0,-0.0,-0.003,0.0,0.0,-0.001,-0.004,0.0,0.0,-0.003,0.0,0.0,-0.001,-0.0,-0.0,-0.0,-0.001,-0.0,0.001
216,2020-11-03,0.0,0.001,-0.002,-0.007,0.0,-0.01,-0.003,-0.002,-0.001,-0.001,-0.001,-0.0,-0.0,0.0,-0.002,0.0,-0.0,-0.001,-0.0,-0.0,-0.0,0.0,-0.0,-0.0,-0.003,-0.0,0.0,-0.001,-0.004,0.0,-0.0,-0.002,0.0,0.0,-0.001,0.0,0.0,0.0,-0.001,-0.001,0.001
217,2020-11-04,0.0,0.001,-0.002,-0.008,0.0,-0.009,-0.003,-0.002,-0.001,-0.0,-0.001,-0.0,-0.0,0.0,-0.002,0.0,-0.0,-0.001,-0.0,0.0,-0.0,0.0,-0.0,-0.0,-0.003,-0.0,0.0,-0.001,-0.005,0.0,-0.0,-0.002,0.0,0.0,-0.001,0.001,0.0,0.0,-0.001,-0.001,0.001
218,2020-11-05,0.0,0.001,-0.002,-0.008,0.0,-0.008,-0.003,-0.002,-0.001,-0.0,-0.002,-0.0,-0.0,-0.0,-0.003,0.0,-0.0,-0.001,-0.0,0.0,-0.0,-0.0,-0.0,-0.0,-0.002,-0.001,0.0,-0.001,-0.005,0.0,-0.0,-0.002,0.0,0.0,-0.001,0.001,0.0,0.0,-0.002,-0.001,0.0
219,2020-11-06,0.0,0.001,-0.003,-0.007,-0.0,-0.007,-0.002,-0.002,-0.001,-0.0,-0.002,-0.0,-0.0,-0.0,-0.004,0.0,-0.0,-0.0,-0.0,0.001,-0.0,-0.0,-0.0,-0.0,-0.002,-0.001,0.0,-0.001,-0.005,-0.0,-0.0,-0.002,0.0,0.0,-0.001,0.001,0.001,0.001,-0.002,-0.001,0.0
220,2020-11-07,0.0,0.001,-0.003,-0.007,-0.0,-0.006,-0.002,-0.003,-0.001,-0.0,-0.003,-0.0,-0.0,-0.0,-0.004,0.0,-0.0,-0.0,-0.0,0.001,-0.0,-0.0,-0.0,-0.001,-0.002,-0.001,0.0,-0.001,-0.005,-0.0,-0.0,-0.001,0.0,-0.0,-0.001,0.001,0.0,0.0,-0.003,-0.001,-0.0
221,2020-11-08,-0.0,0.0,-0.004,-0.006,-0.001,-0.006,-0.001,-0.003,-0.001,-0.001,-0.004,-0.0,-0.0,-0.001,-0.005,0.0,-0.0,-0.0,-0.0,0.001,-0.0,-0.0,-0.0,-0.001,-0.002,-0.001,-0.0,-0.001,-0.005,-0.001,-0.001,-0.001,-0.0,-0.001,-0.001,0.001,0.0,0.0,-0.004,-0.002,-0.0
222,2020-11-09,-0.0,0.0,-0.005,-0.005,-0.001,-0.007,-0.002,-0.004,-0.001,-0.001,-0.004,-0.001,-0.0,-0.001,-0.006,-0.0,-0.0,-0.0,-0.0,0.0,-0.0,-0.0,-0.001,-0.002,-0.003,-0.001,-0.0,-0.001,-0.005,-0.001,-0.001,-0.002,-0.001,-0.001,-0.001,0.001,-0.0,-0.0,-0.004,-0.002,-0.001
223,2020-11-10,-0.0,-0.0,-0.005,-0.004,-0.002,-0.008,-0.002,-0.004,-0.001,-0.001,-0.004,-0.001,-0.001,-0.001,-0.007,-0.0,-0.0,-0.001,-0.0,0.0,-0.0,-0.0,-0.001,-0.002,-0.003,-0.001,-0.001,-0.001,-0.005,-0.002,-0.001,-0.002,-0.001,-0.002,-0.001,0.0,-0.001,-0.001,-0.005,-0.002,-0.001
224,2020-11-11,-0.0,-0.0,-0.006,-0.002,-0.002,-0.008,-0.002,-0.004,-0.002,-0.002,-0.004,-0.001,-0.001,-0.001,-0.007,-0.0,-0.0,-0.001,-0.0,-0.0,-0.0,-0.0,-0.001,-0.003,-0.004,-0.001,-0.001,-0.001,-0.005,-0.002,-0.001,-0.003,-0.002,-0.002,-0.001,-0.0,-0.001,-0.002,-0.005,-0.002,-0.002
225,2020-11-12,-0.0,-0.0,-0.005,-0.002,-0.002,-0.007,-0.002,-0.004,-0.002,-0.002,-0.004,-0.001,-0.001,-0.001,-0.007,-0.0,-0.0,-0.001,-0.0,-0.0,-0.0,-0.0,-0.002,-0.003,-0.004,-0.001,-0.001,-0.001,-0.004,-0.002,-0.001,-0.003,-0.002,-0.002,-0.002,-0.001,-0.002,-0.002,-0.005,-0.002,-0.002
226,2020-11-13,-0.0,-0.001,-0.005,-0.001,-0.002,-0.007,-0.002,-0.004,-0.002,-0.002,-0.004,-0.001,-0.001,-0.001,-0.006,-0.0,-0.0,-0.001,-0.001,-0.001,-0.0,-0.0,-0.002,-0.003,-0.003,-0.001,-0.001,-0.001,-0.004,-0.002,-0.001,-0.003,-0.002,-0.002,-0.002,-0.002,-0.002,-0.002,-0.005,-0.002,-0.002
227,2020-11-14,-0.001,-0.0,-0.004,-0.001,-0.002,-0.006,-0.002,-0.004,-0.002,-0.002,-0.003,-0.001,-0.001,-0.001,-0.005,-0.0,-0.0,-0.001,-0.001,-0.001,-0.0,-0.0,-0.002,-0.003,-0.003,-0.0,-0.001,-0.002,-0.003,-0.002,-0.001,-0.003,-0.002,-0.002,-0.002,-0.002,-0.002,-0.003,-0.005,-0.001,-0.002
228,2020-11-15,-0.001,-0.0,-0.003,-0.001,-0.002,-0.005,-0.002,-0.003,-0.002,-0.002,-0.002,-0.001,-0.001,-0.001,-0.004,-0.0,-0.0,-0.001,-0.001,-0.001,-0.0,-0.0,-0.002,-0.002,-0.002,-0.0,-0.001,-0.002,-0.003,-0.002,-0.001,-0.003,-0.002,-0.002,-0.002,-0.002,-0.002,-0.003,-0.004,-0.001,-0.002
229,2020-11-16,-0.0,-0.0,-0.002,-0.001,-0.002,-0.003,-0.001,-0.003,-0.002,-0.002,-0.001,-0.001,-0.0,-0.001,-0.003,0.0,-0.0,-0.0,-0.001,-0.001,-0.0,-0.0,-0.002,-0.002,-0.002,0.0,-0.001,-0.002,-0.002,-0.001,-0.001,-0.002,-0.002,-0.001,-0.001,-0.002,-0.002,-0.002,-0.003,-0.001,-0.002
230,2020-11-17,-0.0,0.0,-0.001,-0.001,-0.001,-0.002,-0.001,-0.002,-0.002,-0.002,-0.0,-0.001,-0.0,-0.001,-0.002,0.0,0.0,-0.0,-0.001,-0.001,-0.0,-0.0,-0.002,-0.001,-0.001,0.0,-0.0,-0.001,-0.001,-0.001,-0.0,-0.001,-0.001,-0.001,-0.001,-0.002,-0.001,-0.002,-0.002,-0.0,-0.001
231,2020-11-18,-0.0,0.0,-0.0,-0.001,-0.001,-0.0,-0.001,-0.001,-0.002,-0.001,0.0,-0.001,-0.0,-0.001,-0.001,0.0,0.0,-0.0,-0.001,-0.001,-0.0,-0.0,-0.001,-0.001,0.0,0.0,-0.0,-0.001,-0.001,0.0,0.0,-0.001,-0.0,-0.0,-0.001,-0.002,-0.001,-0.002,-0.001,-0.0,-0.001
232,2020-11-19,-0.0,0.001,0.0,-0.001,0.001,0.001,-0.0,-0.0,-0.001,-0.001,0.001,-0.0,-0.0,-0.0,0.0,0.001,0.0,0.0,-0.0,-0.001,-0.0,-0.0,-0.001,-0.0,0.001,0.0,0.0,-0.001,-0.001,0.0,0.0,-0.0,0.0,0.0,-0.001,-0.001,-0.0,-0.001,-0.001,0.0,-0.0
233,2020-11-20,-0.0,0.001,0.001,-0.0,0.002,0.002,0.0,0.0,-0.001,-0.0,0.001,-0.0,-0.0,-0.0,0.0,0.001,0.0,0.0,-0.0,-0.001,0.0,-0.0,-0.001,0.0,0.001,0.0,0.0,-0.0,-0.0,0.001,0.001,0.0,0.001,0.0,-0.0,-0.001,0.0,-0.001,0.0,0.0,-0.0
234,2020-11-21,0.0,0.001,0.0,-0.0,0.004,0.003,0.0,0.0,-0.001,0.0,0.001,-0.0,-0.0,-0.0,0.0,0.0,0.0,0.0,-0.0,-0.001,0.0,0.0,-0.001,0.0,0.001,0.0,0.0,0.0,0.0,0.001,0.001,0.001,0.001,0.0,-0.0,-0.0,0.001,-0.001,0.0,0.0,0.0
235,2020-11-22,0.0,0.001,-0.0,-0.001,0.006,0.002,0.0,0.0,-0.0,0.0,0.001,-0.0,-0.0,-0.0,-0.0,-0.0,0.0,0.0,-0.0,-0.001,0.0,0.0,-0.001,0.0,0.001,0.0,0.0,0.001,0.001,0.001,0.001,0.001,0.001,0.0,-0.0,0.0,0.001,-0.001,0.001,0.0,0.0
236,2020-11-23,0.0,0.0,-0.001,-0.001,0.008,0.002,0.0,0.0,-0.0,0.0,0.001,-0.0,-0.0,-0.0,-0.001,-0.0,0.0,0.0,-0.0,-0.001,0.0,0.0,-0.0,-0.0,0.001,0.0,0.0,0.001,0.001,0.0,0.001,0.001,0.001,0.0,-0.0,0.0,0.001,-0.001,0.001,0.0,0.0
237,2020-11-24,0.0,0.0,-0.001,-0.001,0.011,0.001,-0.0,-0.0,-0.0,0.001,0.0,-0.0,-0.0,-0.0,-0.001,-0.001,-0.0,0.0,-0.0,-0.001,0.0,-0.0,-0.0,-0.0,0.0,0.0,0.0,0.001,0.001,-0.0,0.0,0.001,0.0,0.0,-0.0,0.0,0.001,-0.001,0.001,0.0,-0.0
238,2020-11-25,0.0,0.0,-0.002,-0.001,0.013,0.001,-0.0,-0.0,-0.0,0.001,-0.0,-0.0,-0.0,-0.0,-0.002,-0.001,-0.0,0.0,0.0,-0.001,0.0,-0.0,-0.0,-0.0,-0.0,0.0,0.0,0.001,0.001,-0.0,0.0,0.001,0.0,-0.0,-0.0,0.0,0.001,-0.0,0.0,-0.0,-0.0
239,2020-11-26,0.0,0.0,-0.001,-0.002,0.014,0.001,-0.0,-0.0,-0.0,0.001,-0.0,-0.0,-0.0,-0.0,-0.002,-0.001,-0.0,0.0,0.0,-0.001,0.0,-0.0,0.0,-0.001,-0.0,0.0,0.0,0.001,0.002,-0.0,0.0,0.002,0.0,-0.0,-0.0,0.0,0.001,-0.0,0.0,-0.0,-0.0
240,2020-11-27,0.0,0.0,-0.002,-0.004,0.013,0.001,-0.001,-0.001,-0.001,0.001,-0.001,-0.0,-0.0,-0.0,-0.004,-0.002,-0.0,-0.0,0.0,-0.0,0.0,-0.0,-0.0,-0.001,-0.0,0.0,0.0,0.001,0.001,-0.001,0.0,0.002,-0.001,-0.001,-0.0,0.0,0.001,0.0,-0.001,-0.0,-0.0
241,2020-11-28,0.0,0.001,-0.002,-0.006,0.011,0.001,-0.001,-0.002,-0.002,0.0,-0.001,-0.0,-0.0,0.0,-0.006,-0.002,-0.0,-0.001,0.0,-0.0,-0.0,-0.0,-0.0,-0.002,-0.001,0.001,-0.0,0.0,0.001,-0.001,0.0,0.001,-0.002,-0.001,-0.0,0.0,0.0,0.001,-0.002,-0.0,-0.001
242,2020-11-29,0.0,0.001,-0.002,-0.008,0.008,0.002,-0.001,-0.003,-0.003,-0.0,-0.001,-0.0,-0.0,0.0,-0.007,-0.003,0.0,-0.001,0.0,0.0,-0.0,0.0,-0.001,-0.002,-0.001,0.001,0.0,-0.0,-0.0,-0.002,0.0,0.001,-0.002,-0.002,-0.0,0.0,-0.0,0.001,-0.002,0.0,-0.001
243,2020-11-30,-0.0,0.002,-0.001,-0.009,0.004,0.003,-0.001,-0.003,-0.004,-0.0,-0.002,-0.0,-0.0,0.0,-0.008,-0.003,0.0,-0.001,-0.0,0.001,-0.001,0.0,-0.001,-0.003,-0.001,0.001,0.0,-0.0,-0.001,-0.002,0.001,0.001,-0.003,-0.002,-0.0,0.0,-0.0,0.001,-0.003,0.0,-0.001
244,2020-12-01,-0.0,0.002,-0.001,-0.01,-0.0,0.003,-0.001,-0.003,-0.004,-0.0,-0.002,-0.0,-0.0,0.0,-0.008,-0.003,0.0,-0.001,-0.0,0.001,-0.001,0.0,-0.001,-0.003,-0.001,0.001,0.0,-0.001,-0.001,-0.002,0.001,0.001,-0.003,-0.002,0.0,0.0,-0.001,0.002,-0.003,0.0,-0.001
245,2020-12-02,-0.0,0.002,-0.001,-0.01,-0.005,0.003,-0.001,-0.003,-0.005,-0.001,-0.002,-0.0,-0.0,0.0,-0.008,-0.003,0.001,-0.001,-0.0,0.002,-0.001,0.0,-0.002,-0.003,-0.001,0.001,0.0,-0.001,-0.002,-0.002,0.001,0.0,-0.004,-0.002,0.0,-0.0,-0.001,0.002,-0.004,0.0,-0.001
246,2020-12-03,-0.0,0.002,-0.001,-0.01,-0.009,0.002,-0.001,-0.004,-0.004,-0.001,-0.002,0.0,-0.0,0.0,-0.008,-0.003,0.001,-0.001,-0.0,0.002,-0.001,0.0,-0.002,-0.003,-0.001,0.001,0.0,-0.001,-0.003,-0.002,0.001,-0.0,-0.004,-0.002,0.0,-0.0,-0.001,0.002,-0.004,0.0,-0.002
247,2020-12-04,-0.0,0.002,-0.001,-0.009,-0.011,0.001,-0.001,-0.003,-0.003,-0.001,-0.001,0.0,0.0,0.0,-0.007,-0.003,0.001,-0.001,-0.0,0.002,-0.001,0.0,-0.002,-0.002,-0.002,0.001,0.0,-0.001,-0.003,-0.001,0.001,-0.0,-0.003,-0.002,0.0,-0.0,-0.001,0.001,-0.003,0.0,-0.002
248,2020-12-05,-0.0,0.001,-0.001,-0.007,-0.012,-0.001,-0.0,-0.002,-0.002,-0.001,-0.001,0.0,0.0,0.0,-0.005,-0.002,0.0,-0.001,-0.0,0.003,-0.001,0.0,-0.002,-0.001,-0.002,0.0,0.0,-0.001,-0.003,-0.001,0.0,-0.0,-0.002,-0.001,0.0,-0.001,-0.001,0.001,-0.003,0.0,-0.001
249,2020-12-06,-0.0,0.0,-0.001,-0.005,-0.011,-0.003,-0.0,-0.0,-0.001,-0.0,-0.0,-0.0,0.0,-0.0,-0.003,-0.001,0.0,-0.0,-0.0,0.002,-0.0,0.0,-0.001,-0.0,-0.002,-0.001,-0.0,-0.0,-0.003,0.0,0.0,-0.001,-0.001,-0.0,0.0,-0.001,-0.0,0.0,-0.002,-0.0,-0.001
250,2020-12-07,-0.0,-0.0,-0.001,-0.003,-0.009,-0.005,-0.0,0.001,0.001,-0.0,0.0,-0.0,0.0,-0.0,-0.001,-0.0,-0.0,-0.0,-0.0,0.002,-0.0,0.0,-0.001,0.001,-0.002,-0.001,-0.0,-0.0,-0.004,0.001,-0.0,-0.001,-0.0,0.001,-0.0,-0.001,-0.0,-0.0,-0.001,-0.0,-0.001
251,2020-12-08,-0.0,-0.001,-0.001,-0.002,-0.006,-0.007,-0.0,0.002,0.003,-0.0,0.001,-0.0,0.0,-0.0,0.002,0.001,-0.0,0.0,-0.0,0.001,0.0,-0.0,-0.0,0.002,-0.003,-0.002,-0.0,0.0,-0.004,0.001,-0.001,-0.001,0.001,0.002,-0.0,-0.002,0.0,-0.001,0.0,-0.001,-0.001
252,2020-12-09,-0.0,-0.002,-0.001,0.0,-0.001,-0.008,-0.0,0.003,0.004,0.0,0.001,-0.0,0.0,-0.001,0.004,0.002,-0.001,0.001,0.0,0.001,0.0,-0.0,0.0,0.003,-0.003,-0.002,-0.0,0.0,-0.004,0.002,-0.001,-0.0,0.002,0.002,-0.0,-0.002,0.0,-0.002,0.001,-0.001,-0.0
253,2020-12-10,-0.0,-0.003,-0.001,0.002,0.003,-0.008,-0.0,0.004,0.005,0.0,0.002,-0.0,-0.0,-0.001,0.006,0.003,-0.001,0.001,0.0,0.0,0.001,-0.0,0.001,0.003,-0.002,-0.002,-0.0,0.001,-0.003,0.002,-0.001,-0.0,0.003,0.003,-0.0,-0.002,0.0,-0.002,0.002,-0.001,0.0
254,2020-12-11,0.0,-0.003,-0.001,0.002,0.005,-0.009,-0.0,0.004,0.005,0.001,0.002,-0.0,-0.0,-0.001,0.006,0.003,-0.001,0.001,0.0,-0.001,0.001,-0.0,0.001,0.003,-0.002,-0.002,-0.0,0.001,-0.003,0.002,-0.001,-0.0,0.003,0.003,-0.0,-0.002,0.001,-0.002,0.002,-0.001,0.0
255,2020-12-12,0.0,-0.003,-0.001,0.001,0.007,-0.008,-0.001,0.004,0.004,0.0,0.001,-0.0,-0.0,-0.001,0.005,0.002,-0.001,0.001,0.0,-0.002,0.001,-0.0,0.001,0.003,-0.002,-0.002,-0.0,0.001,-0.004,0.002,-0.001,-0.001,0.003,0.003,-0.001,-0.002,0.001,-0.003,0.002,-0.001,0.0
256,2020-12-13,0.0,-0.003,-0.001,-0.0,0.007,-0.008,-0.001,0.003,0.003,0.0,0.001,-0.0,-0.0,-0.001,0.004,0.002,-0.001,0.001,0.0,-0.002,0.001,-0.0,0.001,0.002,-0.002,-0.002,-0.0,0.0,-0.004,0.002,-0.001,-0.001,0.002,0.003,-0.001,-0.001,0.001,-0.003,0.002,-0.001,0.0
257,2020-12-14,0.0,-0.003,-0.001,-0.002,0.006,-0.007,-0.001,0.002,0.002,0.0,0.0,-0.0,-0.0,-0.001,0.003,0.001,-0.001,0.001,0.0,-0.003,0.001,-0.0,0.0,0.001,-0.002,-0.002,-0.0,0.0,-0.004,0.002,-0.001,-0.001,0.002,0.002,-0.001,-0.001,0.0,-0.003,0.002,-0.001,-0.0
258,2020-12-15,0.0,-0.002,-0.001,-0.004,0.003,-0.007,-0.001,0.001,0.001,-0.0,-0.0,-0.0,-0.0,-0.001,0.002,0.001,-0.0,0.0,0.0,-0.004,0.0,-0.0,0.0,-0.0,-0.002,-0.001,-0.0,-0.0,-0.005,0.001,-0.001,-0.001,0.001,0.002,-0.001,-0.001,0.0,-0.002,0.001,-0.001,-0.0
259,2020-12-16,0.0,-0.002,-0.002,-0.006,-0.0,-0.006,-0.002,-0.001,-0.0,-0.0,-0.001,-0.0,-0.0,-0.0,-0.0,-0.0,-0.0,0.0,-0.0,-0.004,0.0,-0.0,-0.0,-0.001,-0.002,-0.001,-0.0,-0.0,-0.005,0.0,-0.0,-0.002,-0.0,0.001,-0.001,-0.001,-0.0,-0.002,0.0,-0.001,-0.001
260,2020-12-17,0.0,-0.001,-0.002,-0.007,-0.004,-0.005,-0.002,-0.002,-0.001,-0.0,-0.002,-0.0,-0.0,-0.0,-0.002,-0.001,-0.0,-0.0,-0.0,-0.004,-0.0,-0.0,-0.001,-0.002,-0.002,-0.001,-0.0,-0.001,-0.005,-0.0,-0.0,-0.002,-0.001,0.0,-0.001,-0.0,-0.0,-0.002,-0.0,-0.0,-0.001
261,2020-12-18,0.0,-0.001,-0.002,-0.008,-0.006,-0.005,-0.002,-0.002,-0.002,-0.0,-0.002,-0.0,-0.0,-0.0,-0.002,-0.001,0.0,-0.0,-0.0,-0.004,-0.0,0.0,-0.001,-0.003,-0.002,-0.0,-0.0,-0.001,-0.004,-0.0,-0.0,-0.002,-0.001,0.0,-0.001,-0.0,-0.0,-0.001,-0.0,-0.0,-0.001
262,2020-12-19,0.0,-0.0,-0.001,-0.008,-0.008,-0.004,-0.002,-0.002,-0.001,0.0,-0.002,-0.001,0.0,0.0,-0.001,-0.001,0.0,-0.0,-0.0,-0.003,-0.0,0.0,-0.001,-0.002,-0.001,-0.0,-0.0,-0.001,-0.004,-0.0,-0.0,-0.002,-0.001,0.0,-0.001,0.0,-0.0,-0.001,-0.0,-0.0,-0.001
263,2020-12-20,0.0,-0.0,-0.001,-0.007,-0.009,-0.003,-0.002,-0.002,-0.001,0.001,-0.002,-0.001,0.0,0.0,-0.0,-0.001,0.0,-0.0,-0.0,-0.002,-0.0,0.0,-0.0,-0.002,-0.0,-0.0,-0.0,-0.001,-0.002,0.0,-0.0,-0.001,-0.001,0.0,-0.001,0.0,-0.0,0.0,0.0,0.0,-0.0
264,2020-12-21,0.0,-0.0,0.0,-0.005,-0.009,-0.002,-0.002,-0.001,0.0,0.001,-0.001,-0.0,0.0,0.0,0.001,-0.0,0.0,-0.0,0.0,-0.001,-0.0,0.0,0.0,-0.001,0.0,0.0,-0.0,-0.001,-0.001,0.001,0.0,0.0,-0.0,0.001,-0.0,0.001,0.0,0.001,0.001,0.0,0.0
265,2020-12-22,0.0,-0.0,0.001,-0.004,-0.008,-0.001,-0.001,0.0,0.001,0.001,-0.0,-0.0,0.0,0.0,0.002,0.0,0.0,0.0,0.0,-0.001,0.0,0.0,0.001,0.0,0.001,0.0,-0.0,-0.001,0.0,0.001,0.0,0.001,0.0,0.001,-0.0,0.001,0.0,0.002,0.001,0.0,0.001
266,2020-12-23,0.0,-0.0,0.002,-0.002,-0.007,0.0,-0.001,0.001,0.002,0.001,0.001,-0.0,0.0,0.001,0.004,0.001,0.0,0.0,0.0,0.0,0.0,0.0,0.001,0.001,0.002,0.0,-0.0,-0.0,0.002,0.002,0.0,0.002,0.001,0.002,0.0,0.001,0.0,0.002,0.001,0.001,0.001
267,2020-12-24,0.0,0.0,0.003,-0.001,-0.005,0.002,-0.001,0.002,0.003,0.001,0.002,0.0,0.0,0.001,0.005,0.001,0.0,0.0,0.0,0.001,0.0,-0.0,0.001,0.002,0.003,0.0,-0.0,-0.0,0.003,0.003,0.0,0.003,0.001,0.002,0.001,0.001,0.001,0.003,0.002,0.001,0.002
268,2020-12-25,0.001,0.0,0.004,0.0,-0.003,0.003,-0.0,0.003,0.004,0.001,0.003,0.0,0.0,0.001,0.005,0.002,0.0,0.001,0.0,0.001,-0.0,-0.0,0.001,0.003,0.003,0.001,0.0,-0.001,0.004,0.003,0.001,0.004,0.002,0.002,0.001,0.002,0.001,0.004,0.002,0.001,0.002
269,2020-12-26,0.001,0.0,0.003,-0.001,-0.002,0.003,-0.0,0.002,0.003,0.001,0.003,0.001,0.0,0.001,0.003,0.001,0.0,0.001,0.0,0.001,-0.0,-0.0,0.001,0.003,0.003,0.001,0.0,-0.001,0.004,0.003,0.001,0.004,0.001,0.002,0.001,0.002,0.001,0.004,0.0,0.001,0.002
270,2020-12-27,0.001,0.0,0.003,-0.002,-0.001,0.004,-0.001,0.001,0.002,0.001,0.003,0.001,0.0,0.001,0.0,0.001,0.0,0.001,0.0,0.001,-0.0,-0.0,0.0,0.002,0.002,0.001,0.0,-0.001,0.003,0.003,0.001,0.003,0.001,0.001,0.002,0.003,0.001,0.004,-0.001,0.001,0.001
271,2020-12-28,0.001,0.0,0.002,-0.004,-0.001,0.003,-0.001,-0.001,0.001,0.0,0.003,0.001,0.0,0.001,-0.002,-0.0,0.0,0.001,0.0,0.0,-0.001,0.0,-0.0,0.001,0.002,0.001,0.0,-0.001,0.003,0.002,0.001,0.002,0.0,0.0,0.002,0.003,0.001,0.004,-0.002,0.001,0.001
272,2020-12-29,0.001,0.0,0.0,-0.006,-0.001,0.003,-0.001,-0.003,-0.0,-0.0,0.002,0.001,0.0,0.001,-0.005,-0.001,0.0,0.0,-0.0,-0.001,-0.001,0.0,-0.001,0.0,0.001,0.001,0.0,-0.001,0.002,0.001,0.001,0.001,-0.001,-0.001,0.001,0.003,0.001,0.003,-0.003,0.0,0.0
273,2020-12-30,0.0,0.001,-0.001,-0.008,-0.002,0.002,-0.001,-0.004,-0.002,-0.001,0.001,0.001,0.0,0.0,-0.007,-0.002,0.0,0.0,-0.0,-0.001,-0.001,0.0,-0.002,-0.001,-0.0,0.001,0.0,-0.002,0.001,-0.001,0.001,-0.001,-0.002,-0.002,0.001,0.003,0.0,0.002,-0.004,0.0,-0.001
274,2020-12-31,0.0,0.001,-0.002,-0.009,-0.003,0.002,-0.001,-0.006,-0.003,-0.001,-0.001,0.001,0.0,0.0,-0.01,-0.003,0.001,-0.0,-0.0,-0.002,-0.001,0.0,-0.003,-0.003,-0.001,0.002,0.0,-0.002,-0.0,-0.002,0.001,-0.002,-0.003,-0.003,0.001,0.002,-0.0,0.001,-0.005,0.0,-0.001
275,2021-01-01,0.0,0.001,-0.003,-0.009,-0.003,0.002,-0.001,-0.007,-0.005,-0.001,-0.002,0.0,-0.0,0.0,-0.011,-0.004,0.001,-0.0,-0.001,-0.003,-0.001,0.0,-0.003,-0.004,-0.002,0.002,0.0,-0.002,-0.001,-0.004,0.001,-0.003,-0.003,-0.004,0.001,0.002,-0.001,-0.0,-0.006,0.0,-0.002
276,2021-01-02,0.0,0.002,-0.003,-0.009,-0.004,0.003,-0.001,-0.007,-0.005,-0.001,-0.003,0.0,-0.0,-0.0,-0.011,-0.004,0.001,-0.001,-0.001,-0.003,-0.001,0.001,-0.003,-0.005,-0.002,0.002,0.0,-0.001,-0.001,-0.005,0.001,-0.003,-0.004,-0.005,0.0,0.001,-0.001,-0.001,-0.006,0.0,-0.002
277,2021-01-03,-0.0,0.002,-0.004,-0.008,-0.004,0.003,-0.0,-0.007,-0.006,-0.002,-0.004,0.0,-0.0,-0.0,-0.01,-0.004,0.002,-0.001,-0.001,-0.003,-0.001,0.001,-0.003,-0.006,-0.002,0.003,0.0,-0.001,-0.0,-0.005,0.001,-0.004,-0.004,-0.005,0.0,0.001,-0.001,-0.002,-0.006,0.0,-0.002
278,2021-01-04,-0.0,0.003,-0.004,-0.006,-0.004,0.004,0.0,-0.007,-0.006,-0.002,-0.004,-0.0,-0.0,-0.0,-0.009,-0.004,0.002,-0.001,-0.001,-0.003,-0.001,0.001,-0.003,-0.006,-0.001,0.003,0.0,-0.001,0.0,-0.006,0.0,-0.004,-0.004,-0.005,-0.0,0.0,-0.002,-0.003,-0.005,0.0,-0.002
279,2021-01-05,-0.0,0.003,-0.003,-0.004,-0.004,0.005,0.001,-0.006,-0.006,-0.002,-0.005,-0.0,-0.0,-0.0,-0.007,-0.004,0.002,-0.002,-0.001,-0.002,-0.001,0.001,-0.002,-0.006,-0.001,0.003,0.0,-0.001,0.001,-0.006,0.0,-0.003,-0.004,-0.005,-0.0,-0.0,-0.002,-0.004,-0.004,0.0,-0.002
280,2021-01-06,-0.001,0.003,-0.003,-0.002,-0.004,0.005,0.001,-0.005,-0.005,-0.002,-0.005,-0.001,-0.001,-0.0,-0.005,-0.003,0.002,-0.002,-0.001,-0.002,-0.0,0.001,-0.002,-0.006,-0.001,0.002,0.0,-0.0,0.002,-0.006,-0.0,-0.003,-0.003,-0.005,-0.001,-0.001,-0.002,-0.005,-0.003,0.0,-0.002
281,2021-01-07,-0.001,0.003,-0.002,0.0,-0.003,0.005,0.002,-0.003,-0.004,-0.001,-0.005,-0.001,-0.001,-0.0,-0.003,-0.002,0.002,-0.002,-0.0,-0.001,-0.0,0.001,-0.001,-0.005,-0.001,0.002,0.0,0.0,0.002,-0.005,-0.0,-0.002,-0.003,-0.004,-0.001,-0.002,-0.002,-0.005,-0.001,0.0,-0.002
282,2021-01-08,-0.001,0.002,-0.002,0.002,-0.002,0.004,0.002,-0.001,-0.003,-0.001,-0.004,-0.001,-0.001,-0.0,-0.0,-0.001,0.001,-0.002,-0.0,-0.0,-0.0,0.0,-0.0,-0.004,-0.001,0.001,0.0,0.001,0.003,-0.004,-0.001,-0.002,-0.002,-0.003,-0.001,-0.002,-0.001,-0.005,0.001,0.0,-0.001
283,2021-01-09,-0.001,0.001,-0.001,0.003,-0.002,0.003,0.002,0.0,-0.001,-0.001,-0.003,-0.001,-0.001,-0.0,0.002,-0.0,0.001,-0.002,-0.0,0.0,0.0,0.0,0.0,-0.003,-0.001,0.001,0.0,0.001,0.002,-0.003,-0.001,-0.002,-0.001,-0.002,-0.001,-0.002,-0.001,-0.004,0.002,-0.0,-0.001
284,2021-01-10,-0.001,0.001,-0.001,0.004,-0.001,0.002,0.001,0.001,-0.0,-0.001,-0.002,-0.001,-0.0,-0.0,0.003,0.001,0.0,-0.001,0.0,0.001,0.0,0.0,0.001,-0.002,-0.001,-0.0,-0.0,0.002,0.002,-0.002,-0.001,-0.001,-0.001,-0.001,-0.001,-0.002,-0.001,-0.004,0.003,-0.0,-0.0
285,2021-01-11,-0.001,-0.0,-0.001,0.004,-0.0,0.0,0.001,0.002,0.001,-0.001,-0.001,-0.001,-0.0,-0.0,0.004,0.001,-0.001,-0.001,0.0,0.001,0.001,-0.0,0.001,-0.001,-0.001,-0.001,-0.0,0.002,0.001,-0.001,-0.001,-0.001,0.0,0.0,-0.0,-0.002,-0.0,-0.004,0.004,-0.001,0.0
286,2021-01-12,-0.001,-0.001,-0.001,0.004,0.0,-0.001,0.001,0.003,0.002,-0.0,-0.001,-0.001,-0.0,-0.0,0.005,0.002,-0.001,-0.001,0.0,0.001,0.001,-0.0,0.001,-0.0,-0.001,-0.002,-0.0,0.003,-0.0,-0.001,-0.001,-0.001,0.001,0.001,-0.0,-0.001,-0.0,-0.003,0.005,-0.001,0.001
287,2021-01-13,-0.0,-0.002,-0.001,0.004,0.001,-0.003,0.0,0.003,0.002,-0.0,-0.0,-0.0,-0.0,-0.0,0.005,0.002,-0.002,-0.0,0.0,0.001,0.001,-0.0,0.002,0.0,-0.001,-0.002,-0.0,0.003,-0.002,-0.0,-0.001,-0.002,0.001,0.001,-0.0,-0.001,0.0,-0.002,0.005,-0.001,0.001
288,2021-01-14,-0.0,-0.003,-0.002,0.004,0.001,-0.004,0.0,0.003,0.003,-0.0,0.0,-0.0,-0.0,-0.0,0.005,0.002,-0.002,0.0,0.0,0.001,0.001,-0.001,0.001,0.001,-0.002,-0.003,-0.001,0.003,-0.003,0.0,-0.001,-0.002,0.001,0.001,-0.0,-0.001,0.0,-0.002,0.005,-0.001,0.001
289,2021-01-15,-0.0,-0.003,-0.002,0.004,0.001,-0.004,0.0,0.003,0.003,0.0,0.0,-0.0,-0.0,-0.0,0.004,0.002,-0.002,0.001,0.0,0.001,0.001,-0.001,0.001,0.001,-0.002,-0.003,-0.001,0.003,-0.004,0.0,-0.001,-0.002,0.001,0.001,-0.0,-0.0,0.001,-0.002,0.004,-0.001,0.002
290,2021-01-16,-0.0,-0.003,-0.001,0.004,0.001,-0.004,0.0,0.003,0.003,0.0,0.0,-0.0,-0.0,-0.0,0.004,0.002,-0.002,0.001,0.0,0.002,0.001,-0.001,0.002,0.001,-0.001,-0.003,-0.001,0.003,-0.004,0.0,-0.001,-0.001,0.002,0.001,-0.0,-0.0,0.001,-0.001,0.004,-0.001,0.002
291,2021-01-17,-0.0,-0.003,-0.0,0.005,0.001,-0.002,0.001,0.003,0.003,0.001,0.0,0.0,-0.0,-0.0,0.004,0.002,-0.002,0.001,0.0,0.002,0.001,-0.0,0.002,0.001,-0.001,-0.002,-0.0,0.002,-0.003,0.001,-0.001,-0.0,0.002,0.001,-0.0,0.0,0.001,-0.001,0.004,-0.001,0.002
292,2021-01-18,-0.0,-0.002,0.001,0.006,0.001,0.0,0.001,0.002,0.003,0.001,0.0,0.0,0.0,0.0,0.003,0.002,-0.001,0.001,0.0,0.002,0.001,-0.0,0.002,0.001,0.0,-0.002,-0.0,0.002,-0.003,0.001,-0.0,0.001,0.002,0.001,-0.0,0.0,0.001,-0.0,0.003,-0.001,0.002
293,2021-01-19,0.0,-0.001,0.001,0.006,0.001,0.003,0.002,0.002,0.003,0.001,0.0,0.0,0.0,0.0,0.003,0.001,-0.001,0.001,0.0,0.002,0.0,-0.0,0.002,0.001,0.002,-0.001,-0.0,0.002,-0.002,0.001,-0.0,0.002,0.002,0.001,-0.0,0.0,0.001,0.0,0.003,-0.0,0.002
294,2021-01-20,0.0,-0.001,0.002,0.006,0.001,0.005,0.002,0.002,0.002,0.001,0.0,0.0,0.0,0.0,0.002,0.001,-0.001,0.001,0.0,0.003,0.0,-0.0,0.001,0.001,0.002,-0.001,-0.0,0.001,-0.001,0.001,-0.0,0.002,0.002,0.001,-0.0,0.0,0.001,0.001,0.002,-0.0,0.002
295,2021-01-21,0.0,0.0,0.002,0.005,-0.0,0.006,0.002,0.001,0.001,0.001,-0.0,0.0,0.0,0.0,0.0,0.001,-0.0,0.001,-0.0,0.003,-0.0,-0.0,0.001,0.001,0.003,-0.0,0.0,0.001,-0.0,0.0,-0.0,0.002,0.002,0.0,-0.001,-0.0,0.0,0.0,0.001,0.0,0.001
296,2021-01-22,0.0,0.0,0.002,0.004,-0.001,0.007,0.002,-0.0,0.0,0.0,-0.001,-0.0,0.0,-0.0,-0.001,0.0,-0.0,0.001,-0.0,0.004,-0.0,-0.0,0.0,0.0,0.003,-0.0,0.0,0.0,-0.0,-0.0,-0.0,0.002,0.001,-0.0,-0.001,-0.001,0.0,0.0,0.001,0.0,0.0
297,2021-01-23,0.0,0.001,0.002,0.004,-0.001,0.006,0.002,-0.001,-0.0,0.0,-0.001,-0.0,0.0,-0.0,-0.002,0.0,-0.0,0.0,-0.0,0.005,-0.0,-0.0,-0.0,-0.0,0.002,0.0,0.0,-0.0,0.0,-0.001,-0.0,0.001,0.001,-0.0,-0.001,-0.001,0.0,-0.0,0.0,0.0,0.0
298,2021-01-24,0.0,0.001,0.001,0.003,-0.001,0.004,0.001,-0.001,-0.0,0.0,-0.001,-0.0,0.0,-0.0,-0.002,-0.0,-0.0,0.0,-0.0,0.006,-0.001,-0.0,-0.001,-0.0,0.002,0.0,-0.0,-0.001,0.0,-0.001,-0.0,0.001,0.001,-0.001,-0.001,-0.001,-0.0,-0.0,0.0,0.0,-0.0
299,2021-01-25,0.0,0.001,0.0,0.001,-0.001,0.002,-0.0,-0.002,-0.001,-0.0,-0.001,-0.001,0.0,-0.0,-0.002,-0.0,-0.0,-0.0,-0.001,0.008,-0.001,-0.0,-0.001,-0.001,0.001,0.0,-0.0,-0.001,-0.0,-0.001,-0.0,-0.0,0.0,-0.001,-0.001,-0.001,-0.001,-0.001,0.0,-0.0,-0.001
300,2021-01-26,0.0,0.0,-0.001,-0.0,-0.001,-0.001,-0.001,-0.003,-0.001,-0.001,-0.001,-0.001,-0.0,-0.001,-0.003,-0.001,0.0,-0.001,-0.001,0.009,-0.001,-0.0,-0.001,-0.001,-0.0,0.0,-0.0,-0.001,-0.001,-0.001,-0.0,-0.002,-0.0,-0.001,-0.002,-0.001,-0.001,-0.001,-0.0,-0.0,-0.001
301,2021-01-27,-0.0,0.0,-0.002,-0.002,-0.002,-0.004,-0.002,-0.004,-0.001,-0.001,-0.002,-0.001,-0.0,-0.001,-0.003,-0.001,0.0,-0.001,-0.001,0.01,-0.001,-0.0,-0.001,-0.002,-0.001,0.0,-0.0,-0.001,-0.003,-0.002,-0.001,-0.003,-0.001,-0.002,-0.002,-0.001,-0.001,-0.002,-0.001,-0.0,-0.001
302,2021-01-28,-0.0,-0.0,-0.003,-0.003,-0.002,-0.007,-0.002,-0.005,-0.002,-0.002,-0.002,-0.001,-0.0,-0.001,-0.003,-0.001,0.0,-0.001,-0.001,0.012,-0.0,-0.0,-0.001,-0.002,-0.002,0.0,-0.0,-0.002,-0.004,-0.002,-0.001,-0.004,-0.001,-0.002,-0.002,-0.001,-0.002,-0.002,-0.001,-0.001,-0.002
303,2021-01-29,-0.0,-0.0,-0.004,-0.004,-0.001,-0.01,-0.003,-0.005,-0.002,-0.002,-0.002,-0.001,-0.0,-0.001,-0.003,-0.001,0.0,-0.001,-0.001,0.013,-0.0,0.0,-0.001,-0.003,-0.003,0.001,-0.0,-0.002,-0.004,-0.002,-0.001,-0.005,-0.002,-0.002,-0.003,-0.001,-0.002,-0.003,-0.001,-0.001,-0.002
304,2021-01-30,-0.0,-0.001,-0.005,-0.005,-0.001,-0.012,-0.003,-0.005,-0.002,-0.002,-0.002,-0.001,-0.0,-0.001,-0.003,-0.002,0.001,-0.002,-0.001,0.012,-0.0,0.0,-0.001,-0.003,-0.004,0.001,-0.0,-0.001,-0.005,-0.002,-0.001,-0.006,-0.002,-0.002,-0.003,-0.001,-0.002,-0.003,-0.001,-0.001,-0.002
305,2021-01-31,-0.0,-0.001,-0.005,-0.004,-0.001,-0.012,-0.003,-0.005,-0.002,-0.003,-0.002,-0.001,-0.0,-0.001,-0.003,-0.002,0.001,-0.002,-0.001,0.011,-0.0,0.0,-0.001,-0.003,-0.005,0.001,-0.0,-0.001,-0.005,-0.002,-0.001,-0.006,-0.002,-0.002,-0.003,-0.002,-0.002,-0.003,-0.001,-0.001,-0.002
306,2021-02-01,-0.0,-0.001,-0.005,-0.003,-0.001,-0.011,-0.003,-0.005,-0.002,-0.003,-0.002,-0.001,-0.0,-0.001,-0.002,-0.002,0.001,-0.002,-0.001,0.01,-0.0,0.0,-0.001,-0.003,-0.005,0.001,-0.0,-0.001,-0.004,-0.002,-0.001,-0.005,-0.003,-0.002,-0.003,-0.002,-0.002,-0.003,-0.001,-0.001,-0.002
307,2021-02-02,-0.0,-0.001,-0.004,-0.002,-0.001,-0.01,-0.002,-0.003,-0.002,-0.002,-0.001,-0.0,-0.0,-0.001,-0.001,-0.002,0.001,-0.002,-0.001,0.007,-0.0,0.0,-0.0,-0.002,-0.004,0.001,-0.0,-0.001,-0.004,-0.002,-0.0,-0.004,-0.002,-0.001,-0.002,-0.002,-0.002,-0.003,-0.001,-0.001,-0.002
308,2021-02-03,-0.0,-0.001,-0.003,-0.0,-0.0,-0.007,-0.002,-0.002,-0.002,-0.002,-0.0,-0.0,-0.0,-0.0,0.0,-0.002,0.001,-0.002,-0.0,0.005,0.0,0.0,0.0,-0.001,-0.003,0.001,0.0,-0.0,-0.002,-0.001,-0.0,-0.003,-0.002,-0.0,-0.002,-0.002,-0.001,-0.002,-0.001,-0.0,-0.001
309,2021-02-04,-0.0,-0.001,-0.002,0.001,0.0,-0.005,-0.001,-0.001,-0.001,-0.002,0.001,0.0,0.0,-0.0,0.001,-0.001,0.001,-0.001,-0.0,0.001,0.0,0.0,0.001,-0.0,-0.002,0.001,0.0,-0.0,-0.001,-0.0,-0.0,-0.002,-0.001,0.0,-0.001,-0.002,-0.001,-0.001,-0.0,-0.0,-0.001
310,2021-02-05,-0.0,-0.0,-0.001,0.003,0.0,-0.002,-0.001,0.001,-0.001,-0.001,0.001,0.001,0.0,-0.0,0.002,-0.001,0.001,-0.001,0.0,-0.003,0.0,0.0,0.001,0.001,-0.001,0.001,0.0,0.0,0.0,0.0,-0.0,-0.001,-0.001,0.001,-0.001,-0.001,-0.0,-0.001,0.0,-0.0,-0.0
311,2021-02-06,-0.0,-0.0,0.0,0.005,0.001,0.001,0.0,0.002,0.0,-0.0,0.002,0.001,0.0,0.0,0.004,0.0,0.001,-0.001,0.0,-0.006,0.0,0.0,0.001,0.002,0.0,0.001,0.0,0.0,0.002,0.001,0.0,0.001,0.0,0.002,-0.0,-0.001,0.001,0.0,0.001,0.0,0.0
312,2021-02-07,0.0,0.0,0.002,0.006,0.001,0.003,0.001,0.003,0.001,0.0,0.003,0.001,0.0,0.0,0.005,0.001,0.0,-0.0,0.0,-0.008,0.0,0.0,0.002,0.003,0.002,0.0,0.0,0.0,0.003,0.002,0.0,0.002,0.001,0.002,0.001,-0.0,0.001,0.001,0.001,0.0,0.001
313,2021-02-08,0.0,0.0,0.002,0.007,0.002,0.004,0.001,0.004,0.002,0.001,0.004,0.001,0.001,0.0,0.005,0.002,0.0,0.0,0.001,-0.01,0.0,0.0,0.002,0.004,0.003,-0.0,0.0,0.0,0.003,0.002,0.0,0.003,0.001,0.003,0.001,0.0,0.002,0.002,0.001,0.0,0.001
314,2021-02-09,0.0,0.0,0.003,0.008,0.002,0.005,0.001,0.005,0.002,0.002,0.004,0.001,0.001,0.001,0.005,0.002,-0.0,0.001,0.001,-0.011,0.0,-0.0,0.002,0.004,0.003,-0.001,0.0,0.0,0.003,0.003,0.0,0.004,0.002,0.003,0.001,0.001,0.002,0.003,0.001,0.0,0.002
315,2021-02-10,0.0,0.0,0.003,0.008,0.002,0.005,0.001,0.005,0.003,0.002,0.003,0.001,0.001,0.001,0.005,0.003,-0.001,0.001,0.001,-0.012,0.0,-0.0,0.001,0.004,0.003,-0.001,0.0,0.0,0.003,0.003,0.0,0.004,0.002,0.002,0.002,0.001,0.002,0.003,0.001,0.0,0.002
316,2021-02-11,-0.0,0.0,0.003,0.008,0.003,0.005,0.001,0.004,0.003,0.002,0.003,0.001,0.0,0.001,0.004,0.003,-0.001,0.001,0.001,-0.011,0.0,-0.0,0.001,0.004,0.003,-0.001,0.0,0.0,0.003,0.003,0.0,0.004,0.002,0.002,0.002,0.002,0.002,0.003,0.001,0.0,0.002
317,2021-02-12,-0.0,0.0,0.003,0.009,0.003,0.005,0.001,0.004,0.003,0.002,0.003,0.001,0.0,0.001,0.004,0.003,-0.001,0.002,0.001,-0.01,0.0,-0.0,0.001,0.004,0.003,-0.002,0.0,-0.0,0.003,0.002,0.0,0.004,0.002,0.001,0.003,0.002,0.002,0.003,0.001,0.001,0.002
318,2021-02-13,-0.0,0.0,0.003,0.009,0.003,0.004,0.001,0.004,0.003,0.002,0.002,0.001,0.0,0.0,0.003,0.003,-0.001,0.002,0.001,-0.009,0.0,-0.0,0.001,0.004,0.003,-0.002,0.0,-0.0,0.003,0.002,0.0,0.003,0.002,0.001,0.004,0.003,0.002,0.003,0.0,0.0,0.002
319,2021-02-14,-0.0,0.001,0.003,0.01,0.003,0.004,0.001,0.004,0.003,0.002,0.002,0.001,0.0,0.0,0.003,0.003,-0.001,0.002,0.0,-0.007,0.0,-0.0,0.001,0.003,0.003,-0.002,0.0,-0.0,0.003,0.002,0.0,0.003,0.002,0.001,0.005,0.003,0.001,0.003,0.0,0.001,0.002
320,2021-02-15,-0.0,0.001,0.004,0.012,0.003,0.005,0.002,0.004,0.002,0.002,0.002,0.001,0.0,0.0,0.003,0.002,-0.001,0.002,0.0,-0.005,0.0,-0.0,0.001,0.003,0.003,-0.001,0.0,-0.0,0.004,0.002,0.0,0.003,0.002,0.0,0.007,0.003,0.001,0.002,0.0,0.001,0.002
321,2021-02-16,-0.0,0.001,0.005,0.014,0.003,0.006,0.002,0.004,0.002,0.001,0.002,0.001,0.0,0.0,0.003,0.002,-0.001,0.002,0.0,-0.003,-0.0,-0.0,0.0,0.003,0.003,-0.001,0.0,-0.0,0.005,0.001,0.0,0.003,0.002,0.0,0.009,0.003,0.001,0.002,0.0,0.001,0.002
322,2021-02-17,-0.0,0.001,0.005,0.017,0.003,0.007,0.002,0.004,0.002,0.001,0.002,0.001,-0.0,0.0,0.004,0.002,-0.001,0.001,0.0,-0.002,-0.0,-0.0,0.001,0.003,0.004,-0.001,0.0,-0.0,0.006,0.001,0.0,0.004,0.002,0.0,0.011,0.003,0.001,0.002,0.001,0.001,0.002
323,2021-02-18,0.0,0.001,0.006,0.018,0.003,0.008,0.002,0.004,0.001,0.001,0.002,0.001,0.0,0.0,0.004,0.002,-0.0,0.001,0.0,-0.001,-0.0,-0.0,0.001,0.003,0.004,-0.0,0.0,-0.0,0.007,0.001,0.0,0.004,0.002,0.0,0.012,0.002,0.001,0.002,0.001,0.001,0.002
324,2021-02-19,0.0,0.001,0.006,0.019,0.002,0.008,0.002,0.004,0.001,0.001,0.002,0.0,0.0,0.0,0.004,0.001,-0.0,0.001,0.0,0.0,-0.0,-0.0,0.001,0.002,0.004,-0.0,0.0,-0.0,0.008,0.001,0.0,0.004,0.002,0.001,0.012,0.002,0.0,0.002,0.001,0.001,0.001
325,2021-02-20,0.0,0.001,0.006,0.019,0.002,0.009,0.002,0.004,0.001,0.001,0.002,0.0,0.0,0.0,0.005,0.001,0.0,0.001,0.0,0.001,-0.0,0.0,0.002,0.002,0.005,0.0,0.0,0.0,0.008,0.001,0.0,0.004,0.002,0.001,0.012,0.002,0.0,0.002,0.001,0.001,0.001
326,2021-02-21,0.0,0.001,0.006,0.018,0.002,0.009,0.002,0.004,0.001,0.001,0.003,0.0,0.0,0.0,0.005,0.001,0.0,0.001,0.0,0.002,-0.0,0.0,0.003,0.002,0.005,0.001,0.0,0.0,0.008,0.001,0.0,0.004,0.003,0.001,0.01,0.001,0.0,0.002,0.001,0.001,0.001
327,2021-02-22,0.0,0.001,0.006,0.014,0.002,0.009,0.002,0.004,0.001,0.001,0.003,0.001,0.0,0.0,0.005,0.001,0.0,0.001,0.0,0.003,-0.0,0.0,0.004,0.002,0.005,0.001,0.0,0.0,0.008,0.001,0.0,0.004,0.003,0.001,0.008,0.001,0.0,0.002,0.001,0.001,0.001
328,2021-02-23,0.0,0.001,0.005,0.011,0.001,0.009,0.002,0.003,0.002,0.001,0.003,0.001,0.0,0.0,0.004,0.001,0.0,0.001,0.0,0.005,0.0,0.0,0.005,0.002,0.005,0.0,0.0,0.001,0.007,0.001,0.0,0.004,0.003,0.001,0.005,0.001,0.0,0.002,0.001,0.001,0.001
329,2021-02-24,0.0,0.0,0.004,0.006,0.001,0.008,0.002,0.003,0.002,0.001,0.003,0.001,0.0,0.0,0.003,0.001,0.0,0.001,0.0,0.006,0.0,0.0,0.007,0.002,0.004,0.0,0.0,0.001,0.006,0.001,0.0,0.003,0.003,0.001,0.002,0.001,0.0,0.002,0.001,0.001,0.001
330,2021-02-25,0.0,0.0,0.003,0.001,0.001,0.006,0.002,0.003,0.003,0.001,0.002,0.001,0.0,0.0,0.003,0.001,0.0,0.001,0.0,0.006,0.0,0.0,0.008,0.001,0.004,0.0,0.0,0.001,0.004,0.001,0.0,0.002,0.003,0.001,-0.002,0.001,0.0,0.001,0.001,0.0,0.001
331,2021-02-26,0.0,-0.0,0.002,-0.003,0.001,0.005,0.002,0.002,0.003,0.001,0.002,0.001,0.0,0.0,0.002,0.001,-0.0,0.001,0.001,0.007,0.0,0.0,0.008,0.001,0.003,0.0,0.0,0.001,0.003,0.001,0.0,0.002,0.002,0.001,-0.005,0.001,0.001,0.001,0.001,0.0,0.001
332,2021-02-27,0.0,-0.001,0.0,-0.007,0.001,0.003,0.001,0.002,0.003,0.001,0.001,0.001,0.0,0.0,0.001,0.001,-0.0,0.001,0.001,0.007,0.0,0.0,0.008,0.001,0.002,-0.0,0.0,0.001,0.002,0.001,0.0,0.001,0.002,0.001,-0.008,0.001,0.001,0.001,0.001,0.0,0.001
333,2021-02-28,0.0,-0.001,-0.0,-0.01,0.001,0.001,0.001,0.002,0.003,0.001,0.001,0.001,0.0,0.0,0.001,0.001,-0.0,0.001,0.001,0.006,0.001,-0.0,0.007,0.001,0.001,-0.0,-0.0,0.001,0.001,0.001,0.0,0.001,0.001,0.002,-0.009,0.001,0.001,0.001,0.001,-0.0,0.001
